iid,gender,idg,wave,sports,tvsports,exercise,dining,museums,art,hiking,gaming,clubbing,reading,tv,theater,movies,concerts,music,shopping,yoga,attr1_1,sinc1_1,intel1_1,fun1_1,amb1_1,shar1_1,attr2_1,sinc2_1,intel2_1,fun2_1,amb2_1,shar2_1,attr3_1,sinc3_1,intel3_1,fun3_1,amb3_1,attr5_1,sinc5_1,intel5_1,fun5_1,amb5_1,date,go_out,field_cd,career
234,0,1,10,5.0,3.0,10.0,10.0,9.0,5.0,2.0,1.0,4.0,9.0,5.0,6.0,5.0,5.0,9.0,7.0,4.0,20.0,20.0,20.0,10.0,10.0,20.0,75.0,1.0,1.0,3.0,10.0,10.0,7.0,7.0,8.0,8.0,10.0,9.0,6.0,9.0,6.0,10.0,7.0,3.0,3.0,Educational Policy
235,0,3,10,1.0,3.0,3.0,10.0,9.0,10.0,2.0,1.0,7.0,7.0,1.0,9.0,9.0,6.0,10.0,10.0,7.0,15.0,15.0,20.0,20.0,20.0,10.0,25.0,10.0,10.0,25.0,10.0,20.0,6.0,9.0,8.0,9.0,9.0,6.0,9.0,9.0,9.0,9.0,4.0,3.0,9.0,elementary school teacher
236,0,5,10,9.0,6.0,3.0,7.0,9.0,9.0,7.0,1.0,8.0,7.0,5.0,4.0,7.0,4.0,10.0,4.0,2.0,15.0,20.0,15.0,20.0,15.0,15.0,30.0,10.0,10.0,30.0,10.0,10.0,7.0,9.0,8.0,10.0,8.0,8.0,9.0,8.0,10.0,9.0,7.0,1.0,10.0,Research/Teaching
237,0,7,10,1.0,1.0,10.0,7.0,8.0,9.0,9.0,1.0,1.0,10.0,6.0,8.0,6.0,2.0,9.0,2.0,10.0,10.0,20.0,20.0,20.0,20.0,10.0,30.0,5.0,15.0,30.0,10.0,10.0,8.0,10.0,8.0,7.0,8.0,8.0,10.0,9.0,7.0,10.0,7.0,4.0,7.0,WRITING
238,0,9,10,8.0,5.0,8.0,8.0,10.0,10.0,8.0,2.0,8.0,7.0,5.0,9.0,9.0,10.0,10.0,7.0,6.0,15.0,20.0,20.0,15.0,15.0,15.0,50.0,10.0,10.0,25.0,0.0,5.0,10.0,9.0,9.0,10.0,8.0,9.0,9.0,9.0,9.0,9.0,2.0,1.0,15.0,manage a museum or art gallery
239,0,11,10,3.0,3.0,5.0,8.0,8.0,7.0,8.0,1.0,6.0,9.0,6.0,8.0,8.0,6.0,7.0,1.0,8.0,10.0,25.0,20.0,20.0,5.0,20.0,20.0,20.0,15.0,20.0,10.0,15.0,7.0,9.0,9.0,7.0,4.0,7.0,10.0,8.0,7.0,7.0,6.0,3.0,10.0,Conservation training and education
240,0,13,10,10.0,10.0,9.0,10.0,10.0,8.0,9.0,14.0,9.0,10.0,10.0,10.0,10.0,10.0,10.0,10.0,3.0,10.0,30.0,30.0,10.0,10.0,10.0,40.0,5.0,10.0,25.0,10.0,10.0,3.0,8.0,3.0,5.0,6.0,3.0,5.0,3.0,3.0,4.0,6.0,3.0,8.0,Entertainment/Media
241,0,15,10,8.0,1.0,5.0,7.0,7.0,7.0,4.0,1.0,3.0,4.0,1.0,3.0,4.0,6.0,7.0,6.0,3.0,90.0,2.0,2.0,2.0,2.0,2.0,90.0,5.0,2.0,3.0,0.0,5.0,8.0,10.0,8.0,8.0,8.0,8.0,10.0,8.0,8.0,8.0,4.0,2.0,8.0,president
242,0,17,10,6.0,5.0,5.0,8.0,10.0,10.0,9.0,4.0,9.0,10.0,1.0,9.0,10.0,10.0,10.0,1.0,8.0,20.0,20.0,25.0,20.0,5.0,10.0,30.0,10.0,20.0,25.0,5.0,10.0,7.0,9.0,8.0,7.0,4.0,7.0,9.0,8.0,7.0,8.0,7.0,3.0,3.0,researcher in sociology
243,1,2,10,7.0,2.0,7.0,9.0,5.0,8.0,5.0,7.0,3.0,9.0,5.0,5.0,9.0,8.0,8.0,6.0,2.0,20.0,20.0,20.0,25.0,5.0,10.0,20.0,25.0,15.0,20.0,10.0,10.0,7.0,9.0,9.0,8.0,5.0,7.0,8.0,9.0,6.0,6.0,6.0,2.0,16.0,Professor
244,1,4,10,5.0,2.0,10.0,8.0,6.0,4.0,9.0,1.0,3.0,13.0,9.0,8.0,9.0,3.0,4.0,3.0,1.0,20.0,20.0,20.0,10.0,10.0,20.0,20.0,20.0,10.0,20.0,20.0,10.0,7.0,10.0,10.0,7.0,10.0,7.0,9.0,10.0,8.0,9.0,5.0,3.0,8.0,Management Consultant
245,1,6,10,3.0,1.0,2.0,6.0,7.0,8.0,4.0,8.0,6.0,9.0,2.0,7.0,8.0,6.0,6.0,1.0,6.0,18.0,10.0,30.0,10.0,10.0,22.0,25.0,11.0,11.0,18.0,20.0,15.0,5.0,7.0,8.0,6.0,7.0,6.0,7.0,9.0,7.0,6.0,5.0,2.0,7.0,Academic (Law)
246,1,8,10,6.0,5.0,5.0,7.0,5.0,5.0,3.0,2.0,6.0,8.0,8.0,9.0,9.0,8.0,9.0,5.0,2.0,35.0,20.0,10.0,20.0,10.0,5.0,40.0,5.0,5.0,30.0,15.0,5.0,7.0,8.0,7.0,6.0,6.0,7.0,7.0,6.0,6.0,4.0,7.0,6.0,10.0,scientist
247,1,10,10,5.0,4.0,7.0,1.0,3.0,2.0,9.0,4.0,2.0,5.0,3.0,3.0,3.0,3.0,3.0,2.0,6.0,20.0,30.0,10.0,15.0,0.0,25.0,30.0,12.0,20.0,23.0,5.0,10.0,5.0,10.0,8.0,2.0,4.0,3.0,8.0,6.0,2.0,3.0,6.0,4.0,10.0,Naturalist
248,1,12,10,7.0,1.0,8.0,7.0,5.0,1.0,8.0,6.0,8.0,6.0,3.0,7.0,7.0,4.0,7.0,6.0,1.0,25.0,15.0,20.0,20.0,15.0,5.0,20.0,15.0,15.0,25.0,20.0,5.0,5.0,6.0,8.0,8.0,8.0,5.0,8.0,6.0,8.0,7.0,4.0,1.0,8.0,Trader
249,1,14,10,7.0,9.0,1.0,10.0,8.0,6.0,1.0,1.0,6.0,10.0,7.0,3.0,8.0,8.0,5.0,4.0,1.0,22.0,22.0,15.0,15.0,5.0,21.0,15.0,15.0,25.0,10.0,25.0,10.0,7.0,9.0,10.0,7.0,7.0,7.0,9.0,10.0,7.0,7.0,3.0,1.0,8.0,Wall Street Economist
250,1,16,10,7.0,2.0,8.0,10.0,10.0,10.0,6.0,1.0,2.0,10.0,1.0,9.0,9.0,10.0,10.0,6.0,5.0,20.0,20.0,20.0,20.0,10.0,10.0,20.0,20.0,20.0,20.0,10.0,10.0,10.0,9.0,10.0,9.0,10.0,10.0,9.0,10.0,9.0,10.0,2.0,1.0,6.0,"professor, poet/critic"
251,1,18,10,7.0,6.0,1.0,6.0,8.0,8.0,5.0,8.0,4.0,9.0,7.0,6.0,9.0,6.0,8.0,2.0,3.0,19.0,19.0,19.0,19.0,19.0,5.0,13.0,20.0,30.0,15.0,15.0,7.0,8.0,10.0,10.0,9.0,9.0,8.0,10.0,10.0,10.0,10.0,4.0,1.0,7.0,Am not sure
252,0,1,11,4.0,3.0,3.0,8.0,7.0,6.0,7.0,4.0,9.0,9.0,2.0,9.0,9.0,9.0,9.0,9.0,2.0,0.0,25.0,25.0,25.0,25.0,0.0,20.0,5.0,20.0,20.0,20.0,15.0,9.0,9.0,9.0,9.0,10.0,9.0,10.0,8.0,7.0,7.0,6.0,2.0,13.0,Professor
253,0,3,11,5.0,3.0,5.0,8.0,10.0,10.0,6.0,1.0,6.0,10.0,7.0,7.0,10.0,7.0,7.0,7.0,3.0,25.0,30.0,10.0,10.0,5.0,20.0,40.0,20.0,5.0,20.0,5.0,20.0,8.0,10.0,8.0,9.0,7.0,8.0,10.0,9.0,9.0,9.0,6.0,6.0,3.0,researcher/academia
254,0,5,11,8.0,2.0,6.0,10.0,9.0,9.0,8.0,1.0,7.0,9.0,8.0,9.0,9.0,7.0,7.0,7.0,8.0,25.0,7.0,25.0,25.0,8.0,10.0,30.0,15.0,10.0,25.0,10.0,10.0,8.0,7.0,10.0,8.0,8.0,7.0,6.0,10.0,9.0,9.0,6.0,2.0,7.0,academia
255,0,7,11,6.0,8.0,9.0,6.0,6.0,6.0,4.0,2.0,5.0,6.0,4.0,7.0,7.0,8.0,8.0,9.0,1.0,16.67,16.67,16.67,16.67,16.67,16.67,50.0,10.0,10.0,10.0,10.0,10.0,6.0,8.0,7.0,6.0,6.0,6.0,6.0,6.0,6.0,6.0,7.0,3.0,10.0,nutrition and dental
256,0,9,11,5.0,3.0,6.0,7.0,6.0,5.0,6.0,5.0,5.0,5.0,8.0,6.0,8.0,8.0,8.0,9.0,3.0,15.0,25.0,20.0,20.0,10.0,10.0,30.0,10.0,20.0,25.0,5.0,10.0,6.0,9.0,8.0,6.0,6.0,7.0,7.0,8.0,6.0,7.0,6.0,4.0,4.0,Physician
257,0,11,11,7.0,1.0,6.0,9.0,10.0,10.0,10.0,3.0,4.0,10.0,2.0,5.0,10.0,10.0,10.0,4.0,10.0,22.0,14.0,30.0,10.0,14.0,10.0,50.0,10.0,10.0,10.0,10.0,10.0,7.0,9.0,9.0,7.0,10.0,6.0,9.0,9.0,7.0,10.0,5.0,1.0,9.0,Art educator and Artist
258,0,13,11,9.0,6.0,7.0,7.0,8.0,3.0,10.0,4.0,1.0,10.0,3.0,8.0,5.0,2.0,6.0,6.0,2.0,7.0,35.0,20.0,20.0,5.0,13.0,50.0,8.0,9.0,17.0,5.0,11.0,6.0,10.0,9.0,8.0,5.0,6.0,10.0,8.0,7.0,6.0,6.0,1.0,9.0,Teacher
259,0,15,11,8.0,3.0,7.0,8.0,7.0,7.0,4.0,2.0,7.0,8.0,6.0,7.0,7.0,5.0,7.0,5.0,6.0,15.0,18.0,19.0,19.0,17.0,12.0,17.0,18.0,16.0,18.0,13.0,18.0,7.0,9.0,8.0,8.0,9.0,7.0,6.0,8.0,8.0,9.0,7.0,1.0,10.0,Scientist
260,0,17,11,9.0,6.0,7.0,9.0,5.0,5.0,6.0,2.0,3.0,9.0,6.0,7.0,7.0,9.0,9.0,5.0,3.0,19.0,20.0,19.0,14.0,13.0,15.0,19.0,20.0,19.0,14.0,13.0,15.0,6.0,9.0,9.0,7.0,6.0,6.0,9.0,9.0,7.0,9.0,7.0,3.0,10.0,Scientist/educator
261,0,19,11,6.0,4.0,3.0,9.0,9.0,8.0,3.0,5.0,8.0,9.0,2.0,9.0,9.0,9.0,9.0,4.0,6.0,15.0,20.0,20.0,20.0,15.0,10.0,45.0,10.0,10.0,20.0,5.0,10.0,5.0,8.0,7.0,7.0,8.0,5.0,8.0,8.0,6.0,9.0,7.0,2.0,10.0,scientific research for now but who knows
262,0,21,11,9.0,9.0,8.0,7.0,7.0,3.0,7.0,1.0,3.0,10.0,4.0,1.0,7.0,5.0,8.0,1.0,1.0,10.0,40.0,20.0,20.0,0.0,10.0,20.0,10.0,10.0,20.0,10.0,30.0,6.0,10.0,9.0,5.0,3.0,6.0,10.0,9.0,4.0,5.0,6.0,3.0,3.0,Who knows
263,0,23,11,1.0,1.0,1.0,5.0,7.0,7.0,7.0,1.0,3.0,9.0,4.0,7.0,7.0,7.0,8.0,9.0,6.0,20.0,20.0,20.0,10.0,20.0,10.0,50.0,30.0,5.0,5.0,5.0,5.0,8.0,8.0,8.0,8.0,5.0,8.0,7.0,10.0,9.0,8.0,6.0,2.0,3.0,Who knows
264,0,25,11,7.0,1.0,7.0,5.0,7.0,8.0,6.0,1.0,5.0,9.0,7.0,4.0,8.0,2.0,6.0,2.0,1.0,15.0,15.0,25.0,20.0,5.0,20.0,30.0,10.0,10.0,20.0,10.0,20.0,8.0,7.0,9.0,8.0,5.0,8.0,7.0,9.0,8.0,6.0,6.0,2.0,6.0,College Professor
265,0,27,11,2.0,9.0,8.0,8.0,7.0,8.0,2.0,1.0,2.0,10.0,6.0,7.0,10.0,8.0,9.0,2.0,1.0,15.0,5.0,45.0,10.0,15.0,10.0,68.0,5.0,10.0,10.0,2.0,5.0,7.0,9.0,10.0,7.0,10.0,6.0,10.0,10.0,4.0,7.0,5.0,2.0,1.0,Professor or Lawyer
266,0,29,11,5.0,4.0,5.0,4.0,7.0,8.0,8.0,1.0,6.0,5.0,1.0,4.0,10.0,6.0,7.0,2.0,6.0,25.0,20.0,20.0,25.0,0.0,10.0,39.0,20.0,15.0,20.0,0.0,6.0,8.0,8.0,7.0,7.0,4.0,7.0,7.0,7.0,7.0,5.0,7.0,3.0,16.0,undecided
267,0,31,11,4.0,8.0,5.0,9.0,7.0,6.0,4.0,7.0,8.0,3.0,9.0,5.0,9.0,4.0,9.0,10.0,2.0,20.0,30.0,10.0,15.0,10.0,15.0,20.0,30.0,20.0,10.0,20.0,10.0,7.0,6.0,7.0,5.0,7.0,6.0,6.0,7.0,6.0,5.0,3.0,3.0,10.0,dietician
268,0,33,11,8.0,6.0,6.0,5.0,4.0,3.0,6.0,5.0,5.0,8.0,4.0,5.0,5.0,4.0,4.0,4.0,4.0,30.0,20.0,20.0,10.0,15.0,5.0,30.0,10.0,15.0,20.0,10.0,15.0,9.0,9.0,9.0,8.0,9.0,9.0,8.0,8.0,7.0,8.0,6.0,1.0,4.0,Medicine
269,0,35,11,4.0,1.0,8.0,8.0,8.0,10.0,7.0,3.0,1.0,10.0,3.0,6.0,6.0,6.0,9.0,4.0,2.0,20.0,10.0,30.0,15.0,15.0,10.0,30.0,10.0,10.0,30.0,5.0,10.0,8.0,8.0,8.0,6.0,7.0,7.0,6.0,7.0,4.0,8.0,6.0,2.0,7.0,professor
270,0,37,11,8.0,4.0,6.0,9.0,8.0,7.0,8.0,4.0,6.0,9.0,2.0,7.0,5.0,6.0,7.0,6.0,4.0,16.0,16.0,19.0,17.0,14.0,18.0,19.0,13.0,17.0,19.0,16.0,16.0,5.0,4.0,8.0,7.0,6.0,5.0,5.0,8.0,7.0,5.0,5.0,1.0,10.0,Researcher
271,0,39,11,8.0,7.0,10.0,9.0,10.0,10.0,5.0,5.0,6.0,7.0,7.0,9.0,9.0,9.0,8.0,9.0,5.0,10.0,15.0,40.0,15.0,10.0,10.0,30.0,10.0,30.0,10.0,10.0,10.0,9.0,10.0,9.0,10.0,10.0,9.0,10.0,9.0,10.0,10.0,4.0,1.0,11.0,Social Work
272,0,41,11,6.0,7.0,10.0,10.0,9.0,8.0,7.0,6.0,8.0,9.0,9.0,9.0,9.0,9.0,10.0,9.0,8.0,25.0,20.0,25.0,25.0,5.0,0.0,40.0,10.0,10.0,30.0,10.0,0.0,9.0,10.0,9.0,10.0,10.0,9.0,10.0,9.0,10.0,10.0,4.0,1.0,11.0,Social Work
273,1,2,11,6.0,1.0,5.0,7.0,7.0,4.0,8.0,1.0,3.0,2.0,5.0,7.0,8.0,8.0,8.0,3.0,2.0,30.0,25.0,18.0,18.0,4.0,5.0,17.0,15.0,23.0,20.0,15.0,10.0,7.0,10.0,7.0,5.0,7.0,6.0,9.0,9.0,6.0,8.0,5.0,2.0,10.0,research position in pharmaceutical industry
274,1,4,11,3.0,3.0,4.0,7.0,6.0,5.0,4.0,5.0,1.0,10.0,7.0,6.0,8.0,9.0,10.0,8.0,7.0,30.0,10.0,20.0,20.0,10.0,10.0,10.0,10.0,25.0,25.0,25.0,5.0,7.0,7.0,9.0,10.0,9.0,7.0,8.0,9.0,9.0,8.0,4.0,2.0,3.0,academia
275,1,6,11,9.0,1.0,10.0,6.0,7.0,7.0,4.0,6.0,5.0,10.0,1.0,9.0,7.0,7.0,9.0,5.0,9.0,25.0,10.0,25.0,5.0,10.0,25.0,10.0,15.0,20.0,15.0,15.0,25.0,10.0,7.0,10.0,6.0,10.0,9.0,6.0,10.0,5.0,10.0,4.0,3.0,5.0,Investment Banking
276,1,8,11,6.0,2.0,8.0,9.0,8.0,9.0,2.0,3.0,6.0,9.0,1.0,4.0,7.0,6.0,7.0,2.0,2.0,24.0,16.0,28.0,14.0,8.0,10.0,25.0,18.0,11.0,18.0,23.0,5.0,7.0,6.0,10.0,7.0,8.0,5.0,6.0,9.0,6.0,7.0,4.0,1.0,10.0,Academia
277,1,10,11,10.0,6.0,10.0,5.0,8.0,8.0,10.0,5.0,3.0,8.0,2.0,7.0,8.0,6.0,6.0,1.0,2.0,60.0,20.0,0.0,20.0,0.0,0.0,50.0,0.0,0.0,0.0,50.0,0.0,4.0,8.0,8.0,8.0,5.0,4.0,8.0,8.0,8.0,5.0,7.0,5.0,10.0,Professor
278,1,12,11,8.0,1.0,5.0,9.0,9.0,9.0,9.0,5.0,8.0,9.0,5.0,7.0,9.0,9.0,9.0,5.0,1.0,25.0,15.0,20.0,25.0,10.0,5.0,25.0,15.0,20.0,25.0,10.0,5.0,8.0,8.0,8.0,8.0,8.0,6.0,8.0,8.0,7.0,7.0,3.0,1.0,5.0,research/academia
279,1,14,11,7.0,1.0,6.0,5.0,2.0,3.0,5.0,3.0,4.0,9.0,6.0,3.0,8.0,1.0,2.0,1.0,1.0,27.0,15.0,28.0,10.0,10.0,10.0,40.0,3.0,25.0,8.0,13.0,11.0,8.0,9.0,10.0,6.0,7.0,7.0,6.0,8.0,7.0,8.0,4.0,2.0,10.0,Scientist
280,1,16,11,8.0,1.0,5.0,5.0,6.0,5.0,5.0,4.0,2.0,10.0,2.0,7.0,10.0,7.0,8.0,2.0,2.0,25.0,20.0,30.0,15.0,5.0,5.0,20.0,10.0,30.0,15.0,15.0,10.0,5.0,9.0,8.0,5.0,6.0,5.0,8.0,9.0,5.0,7.0,6.0,2.0,10.0,Scientist
281,1,18,11,4.0,4.0,2.0,4.0,7.0,5.0,8.0,1.0,2.0,6.0,2.0,6.0,8.0,7.0,5.0,3.0,9.0,20.0,20.0,20.0,15.0,5.0,20.0,25.0,10.0,10.0,25.0,20.0,10.0,7.0,8.0,8.0,6.0,5.0,7.0,7.0,9.0,4.0,7.0,5.0,5.0,3.0,research
282,1,20,11,10.0,10.0,10.0,5.0,4.0,4.0,4.0,7.0,8.0,9.0,5.0,7.0,7.0,7.0,10.0,5.0,1.0,25.0,15.0,20.0,20.0,10.0,10.0,25.0,15.0,20.0,10.0,20.0,10.0,7.0,9.0,7.0,9.0,10.0,7.0,10.0,9.0,9.0,10.0,4.0,3.0,5.0,enterpreneur
283,1,22,11,9.0,6.0,6.0,6.0,4.0,4.0,8.0,6.0,6.0,8.0,1.0,5.0,3.0,3.0,7.0,2.0,7.0,50.0,10.0,10.0,10.0,10.0,10.0,30.0,10.0,30.0,10.0,10.0,10.0,9.0,9.0,9.0,9.0,9.0,9.0,8.0,8.0,7.0,9.0,4.0,2.0,5.0,Industry CTO/CEO
284,1,24,11,9.0,2.0,5.0,7.0,7.0,9.0,8.0,1.0,5.0,9.0,5.0,5.0,9.0,8.0,9.0,8.0,5.0,25.0,20.0,25.0,20.0,10.0,0.0,15.0,15.0,15.0,20.0,20.0,15.0,7.0,6.0,8.0,7.0,7.0,7.0,5.0,6.0,7.0,8.0,5.0,2.0,8.0,Film/Television
285,1,26,11,5.0,7.0,6.0,10.0,9.0,10.0,9.0,14.0,5.0,9.0,7.0,3.0,10.0,10.0,10.0,10.0,10.0,20.0,20.0,25.0,25.0,5.0,5.0,20.0,20.0,25.0,25.0,5.0,5.0,8.0,10.0,10.0,10.0,8.0,8.0,10.0,10.0,8.0,10.0,6.0,6.0,5.0,finance or engineering
286,1,28,11,7.0,3.0,4.0,3.0,8.0,7.0,9.0,9.0,4.0,8.0,6.0,8.0,7.0,8.0,6.0,3.0,8.0,10.0,15.0,25.0,15.0,15.0,20.0,15.0,15.0,20.0,15.0,20.0,15.0,3.0,6.0,7.0,6.0,7.0,3.0,5.0,8.0,5.0,6.0,6.0,3.0,2.0,professor
287,1,30,11,2.0,1.0,5.0,7.0,2.0,2.0,9.0,6.0,4.0,10.0,8.0,8.0,10.0,8.0,8.0,8.0,8.0,35.0,40.0,5.0,5.0,7.0,8.0,18.0,20.0,10.0,25.0,7.0,20.0,7.0,10.0,7.0,5.0,10.0,7.0,8.0,7.0,4.0,10.0,7.0,3.0,13.0,Writing
288,1,32,11,9.0,5.0,3.0,8.0,5.0,5.0,6.0,4.0,4.0,9.0,2.0,6.0,7.0,5.0,7.0,2.0,2.0,20.0,20.0,15.0,25.0,10.0,10.0,30.0,20.0,5.0,25.0,10.0,10.0,5.0,8.0,8.0,7.0,7.0,5.0,8.0,7.0,6.0,6.0,6.0,3.0,3.0,professor
289,1,34,11,10.0,6.0,1.0,7.0,3.0,6.0,10.0,5.0,3.0,10.0,6.0,5.0,7.0,6.0,8.0,2.0,1.0,20.0,30.0,10.0,20.0,0.0,20.0,30.0,20.0,15.0,15.0,20.0,0.0,4.0,9.0,8.0,10.0,8.0,4.0,6.0,8.0,9.0,10.0,4.0,1.0,8.0,Venture Capital/Consulting/Government
290,1,36,11,7.0,1.0,8.0,7.0,7.0,4.0,3.0,2.0,1.0,10.0,1.0,3.0,5.0,9.0,10.0,2.0,5.0,30.0,10.0,30.0,10.0,5.0,15.0,15.0,5.0,20.0,30.0,25.0,5.0,5.0,4.0,10.0,5.0,9.0,5.0,7.0,10.0,5.0,7.0,5.0,2.0,10.0,research
291,1,38,11,9.0,7.0,7.0,7.0,7.0,7.0,5.0,6.0,5.0,7.0,5.0,6.0,7.0,5.0,8.0,5.0,5.0,20.0,20.0,15.0,15.0,12.0,18.0,30.0,15.0,20.0,20.0,5.0,10.0,6.0,9.0,9.0,7.0,9.0,6.0,9.0,9.0,7.0,8.0,3.0,2.0,10.0,doctor and entrepreneur
292,1,40,11,10.0,5.0,8.0,8.0,7.0,5.0,10.0,7.0,9.0,7.0,4.0,7.0,9.0,5.0,10.0,1.0,1.0,20.0,18.0,20.0,17.0,10.0,15.0,10.0,21.0,22.0,15.0,15.0,17.0,8.0,10.0,10.0,8.0,10.0,10.0,7.0,10.0,6.0,9.0,2.0,1.0,13.0,Int'l Business
293,1,42,11,6.0,9.0,7.0,10.0,8.0,7.0,6.0,6.0,8.0,9.0,6.0,9.0,9.0,8.0,8.0,6.0,4.0,23.0,18.0,21.0,18.0,10.0,10.0,15.0,25.0,20.0,15.0,15.0,10.0,7.0,10.0,9.0,9.0,9.0,7.0,9.0,9.0,8.0,9.0,5.0,2.0,8.0,Pharmaceuticals/Consulting
294,0,1,12,7.0,8.0,4.0,9.0,10.0,10.0,1.0,1.0,7.0,10.0,3.0,10.0,9.0,7.0,8.0,8.0,5.0,20.0,20.0,35.0,5.0,10.0,10.0,35.0,20.0,10.0,20.0,10.0,5.0,9.0,10.0,9.0,7.0,7.0,9.0,10.0,10.0,5.0,7.0,6.0,2.0,9.0,Secondary Education Teacher
295,0,3,12,7.0,8.0,8.0,5.0,7.0,5.0,3.0,1.0,2.0,10.0,7.0,10.0,10.0,8.0,8.0,5.0,8.0,10.0,18.0,20.0,16.0,16.0,20.0,22.0,20.0,14.0,18.0,8.0,18.0,7.0,10.0,8.0,8.0,8.0,7.0,9.0,8.0,7.0,7.0,6.0,1.0,9.0,High School Social Studies Teacher
296,0,5,12,4.0,5.0,2.0,8.0,8.0,7.0,6.0,5.0,9.0,9.0,9.0,8.0,7.0,8.0,10.0,9.0,7.0,15.0,20.0,35.0,15.0,5.0,10.0,50.0,0.0,10.0,30.0,0.0,10.0,8.0,9.0,10.0,6.0,9.0,6.0,9.0,10.0,6.0,8.0,4.0,2.0,9.0,Education Policy Analyst
297,0,7,12,5.0,2.0,8.0,8.0,10.0,10.0,3.0,3.0,5.0,10.0,8.0,10.0,10.0,8.0,8.0,8.0,6.0,25.0,25.0,15.0,15.0,10.0,10.0,40.0,10.0,10.0,15.0,10.0,15.0,8.0,10.0,8.0,9.0,9.0,8.0,10.0,8.0,9.0,9.0,2.0,1.0,9.0,Literacy Organization head/ Director of Development for non-profit
298,0,9,12,3.0,1.0,3.0,5.0,10.0,10.0,3.0,1.0,4.0,10.0,5.0,10.0,10.0,10.0,10.0,9.0,7.0,10.0,30.0,20.0,10.0,15.0,15.0,50.0,10.0,10.0,10.0,10.0,10.0,7.0,10.0,10.0,9.0,10.0,7.0,10.0,10.0,9.0,10.0,6.0,2.0,6.0,English Teacher
299,0,11,12,7.0,1.0,7.0,8.0,9.0,8.0,9.0,4.0,9.0,9.0,6.0,7.0,9.0,7.0,9.0,5.0,4.0,10.0,40.0,10.0,20.0,10.0,10.0,40.0,10.0,10.0,10.0,10.0,20.0,6.0,9.0,8.0,9.0,9.0,6.0,9.0,8.0,9.0,8.0,6.0,2.0,11.0,Program development / policy work
300,0,13,12,8.0,2.0,8.0,9.0,10.0,10.0,7.0,2.0,5.0,8.0,2.0,10.0,8.0,8.0,10.0,4.0,2.0,15.0,20.0,25.0,15.0,15.0,10.0,40.0,5.0,10.0,20.0,5.0,20.0,8.0,9.0,9.0,9.0,10.0,8.0,10.0,10.0,9.0,10.0,6.0,2.0,3.0,Researcher
301,0,15,12,5.0,3.0,9.0,10.0,7.0,8.0,5.0,1.0,5.0,9.0,5.0,9.0,10.0,9.0,9.0,5.0,9.0,20.0,20.0,20.0,20.0,10.0,10.0,40.0,5.0,20.0,20.0,10.0,5.0,9.0,9.0,9.0,8.0,8.0,8.0,9.0,9.0,8.0,9.0,4.0,1.0,9.0,professor of education
302,0,18,12,10.0,10.0,9.0,7.0,5.0,6.0,6.0,6.0,8.0,5.0,7.0,7.0,7.0,9.0,9.0,6.0,6.0,50.0,5.0,20.0,10.0,5.0,10.0,70.0,5.0,5.0,15.0,0.0,5.0,8.0,8.0,8.0,8.0,10.0,8.0,7.0,8.0,9.0,9.0,3.0,1.0,3.0,speech pathologist
303,0,20,12,7.0,1.0,9.0,9.0,9.0,7.0,7.0,1.0,1.0,10.0,2.0,9.0,9.0,8.0,9.0,5.0,1.0,20.0,25.0,25.0,10.0,15.0,5.0,40.0,10.0,15.0,25.0,5.0,5.0,8.0,10.0,8.0,9.0,6.0,8.0,10.0,9.0,8.0,7.0,5.0,1.0,9.0,Educator
304,0,22,12,10.0,1.0,8.0,7.0,7.0,8.0,2.0,1.0,4.0,8.0,1.0,8.0,9.0,7.0,7.0,8.0,9.0,5.0,20.0,25.0,25.0,15.0,10.0,25.0,15.0,20.0,25.0,5.0,10.0,6.0,10.0,8.0,10.0,8.0,7.0,10.0,9.0,10.0,9.0,7.0,2.0,3.0,Speech Pathologist
305,0,24,12,8.0,2.0,7.0,10.0,7.0,7.0,8.0,2.0,7.0,8.0,7.0,8.0,9.0,7.0,7.0,9.0,8.0,10.0,47.0,16.0,12.0,3.0,12.0,35.0,15.0,8.0,20.0,2.0,20.0,7.0,9.0,9.0,8.0,5.0,7.0,9.0,9.0,8.0,7.0,4.0,1.0,9.0,teaching/education
306,0,26,12,6.0,6.0,9.0,8.0,5.0,5.0,7.0,4.0,5.0,6.0,9.0,9.0,9.0,5.0,5.0,9.0,5.0,16.0,20.0,19.0,16.0,18.0,11.0,22.0,13.0,18.0,18.0,16.0,13.0,6.0,9.0,8.0,8.0,8.0,6.0,8.0,9.0,8.0,7.0,6.0,3.0,9.0,professor in college
307,0,28,12,10.0,8.0,10.0,9.0,8.0,9.0,10.0,1.0,5.0,10.0,7.0,10.0,10.0,8.0,10.0,9.0,3.0,10.0,20.0,20.0,15.0,20.0,15.0,30.0,10.0,20.0,20.0,10.0,10.0,5.0,8.0,8.0,7.0,8.0,5.0,8.0,8.0,7.0,8.0,7.0,2.0,9.0,Teacher
308,1,2,12,7.0,7.0,7.0,8.0,8.0,8.0,8.0,7.0,3.0,7.0,9.0,8.0,9.0,7.0,8.0,7.0,7.0,17.0,19.0,18.0,17.0,11.0,18.0,15.0,20.0,20.0,15.0,15.0,15.0,7.0,10.0,8.0,8.0,7.0,7.0,10.0,8.0,8.0,7.0,7.0,2.0,9.0,Academia; Research; Teaching
309,1,4,12,6.0,4.0,4.0,9.0,8.0,10.0,8.0,5.0,7.0,9.0,6.0,8.0,9.0,8.0,10.0,4.0,4.0,20.0,20.0,20.0,20.0,10.0,10.0,30.0,10.0,15.0,25.0,10.0,10.0,7.0,8.0,9.0,9.0,7.0,7.0,8.0,9.0,9.0,9.0,3.0,2.0,9.0,curriculum developer
310,1,6,12,2.0,2.0,3.0,7.0,6.0,6.0,3.0,8.0,5.0,9.0,8.0,7.0,9.0,5.0,6.0,5.0,3.0,24.0,15.0,20.0,20.0,8.0,13.0,21.0,17.0,16.0,15.0,13.0,18.0,7.0,6.0,7.0,8.0,4.0,7.0,5.0,9.0,7.0,5.0,3.0,1.0,5.0,?
311,1,8,12,10.0,8.0,9.0,10.0,7.0,6.0,8.0,9.0,1.0,7.0,4.0,6.0,8.0,10.0,10.0,9.0,8.0,50.0,20.0,10.0,10.0,5.0,5.0,20.0,20.0,20.0,10.0,10.0,20.0,9.0,9.0,9.0,10.0,3.0,9.0,5.0,5.0,10.0,2.0,6.0,1.0,8.0,Entrepreneur
312,1,10,12,7.0,7.0,5.0,7.0,9.0,8.0,10.0,5.0,3.0,8.0,5.0,6.0,9.0,7.0,8.0,2.0,1.0,25.0,5.0,30.0,15.0,5.0,20.0,25.0,20.0,10.0,20.0,15.0,10.0,8.0,7.0,9.0,7.0,9.0,9.0,10.0,8.0,5.0,9.0,4.0,2.0,15.0,Museum Work (Curation?)
313,1,12,12,9.0,8.0,6.0,8.0,6.0,3.0,6.0,1.0,9.0,6.0,3.0,2.0,7.0,8.0,10.0,5.0,1.0,19.0,13.0,18.0,18.0,10.0,22.0,20.0,15.0,15.0,15.0,25.0,10.0,7.0,8.0,8.0,8.0,6.0,7.0,8.0,8.0,8.0,6.0,4.0,1.0,8.0,Music Industry
314,1,14,12,9.0,2.0,7.0,8.0,6.0,4.0,2.0,2.0,2.0,6.0,7.0,3.0,7.0,6.0,8.0,8.0,8.0,20.0,10.0,30.0,20.0,10.0,10.0,15.0,25.0,10.0,20.0,15.0,15.0,8.0,8.0,9.0,8.0,7.0,7.0,6.0,9.0,5.0,5.0,6.0,2.0,13.0,academic or consulting
315,1,16,12,8.0,2.0,2.0,8.0,8.0,8.0,8.0,2.0,8.0,7.0,1.0,8.0,9.0,7.0,7.0,2.0,2.0,6.67,19.05,42.86,9.52,14.29,7.62,20.0,15.0,20.0,15.0,20.0,10.0,6.0,10.0,8.0,6.0,7.0,5.0,10.0,8.0,6.0,5.0,5.0,3.0,5.0,Academia or UN
316,1,17,12,9.0,3.0,5.0,7.0,6.0,6.0,6.0,4.0,6.0,9.0,5.0,4.0,4.0,7.0,9.0,4.0,1.0,25.0,20.0,15.0,25.0,10.0,5.0,25.0,10.0,20.0,25.0,15.0,5.0,6.0,8.0,8.0,7.0,9.0,5.0,8.0,9.0,7.0,9.0,4.0,1.0,8.0,Investment banking
317,1,19,12,8.0,1.0,5.0,10.0,6.0,10.0,4.0,3.0,8.0,4.0,1.0,10.0,10.0,8.0,9.0,1.0,1.0,50.0,0.0,20.0,20.0,0.0,10.0,20.0,0.0,30.0,30.0,0.0,20.0,7.0,3.0,8.0,8.0,5.0,7.0,3.0,8.0,8.0,3.0,4.0,1.0,8.0,International Development banker
318,1,21,12,8.0,4.0,8.0,6.0,4.0,5.0,7.0,7.0,7.0,7.0,6.0,7.0,8.0,5.0,8.0,7.0,6.0,40.0,30.0,10.0,8.0,2.0,10.0,20.0,20.0,10.0,25.0,15.0,10.0,6.0,10.0,10.0,6.0,10.0,2.0,10.0,8.0,3.0,6.0,6.0,1.0,8.0,"Corporate Finance, Asset Management/ Hedge Funds"
319,1,23,12,8.0,7.0,5.0,7.0,5.0,4.0,8.0,7.0,1.0,5.0,7.0,2.0,2.0,10.0,9.0,2.0,3.0,20.0,25.0,20.0,10.0,5.0,20.0,35.0,5.0,5.0,15.0,30.0,10.0,5.0,10.0,9.0,6.0,3.0,4.0,7.0,8.0,8.0,9.0,7.0,2.0,9.0,I am a teacher.
320,1,25,12,4.0,1.0,9.0,9.0,8.0,4.0,6.0,3.0,1.0,10.0,1.0,5.0,7.0,2.0,5.0,2.0,1.0,20.0,16.0,16.0,16.0,16.0,16.0,20.0,10.0,10.0,10.0,20.0,10.0,8.0,8.0,9.0,9.0,7.0,7.0,8.0,8.0,9.0,8.0,5.0,5.0,7.0,Professor or journalist
321,1,27,12,7.0,4.0,4.0,8.0,5.0,5.0,4.0,2.0,7.0,5.0,2.0,6.0,8.0,6.0,7.0,2.0,1.0,30.0,15.0,15.0,20.0,10.0,10.0,40.0,10.0,10.0,30.0,5.0,5.0,6.0,8.0,7.0,7.0,8.0,6.0,8.0,7.0,7.0,8.0,5.0,1.0,8.0,Finance
322,0,1,13,8.0,7.0,7.0,6.0,6.0,6.0,9.0,3.0,6.0,7.0,2.0,8.0,8.0,8.0,8.0,3.0,1.0,2.0,60.0,15.0,8.0,5.0,10.0,40.0,30.0,10.0,10.0,0.0,10.0,5.0,9.0,7.0,8.0,7.0,4.0,9.0,7.0,7.0,6.0,2.0,2.0,3.0,to get Ph.D and be a professor
323,0,3,13,5.0,7.0,7.0,7.0,8.0,7.0,7.0,6.0,6.0,7.0,8.0,9.0,9.0,8.0,8.0,8.0,6.0,10.0,20.0,20.0,20.0,10.0,20.0,30.0,20.0,10.0,20.0,10.0,10.0,7.0,9.0,8.0,6.0,3.0,7.0,9.0,6.0,6.0,1.0,4.0,3.0,5.0,Education
324,0,5,13,8.0,8.0,6.0,10.0,8.0,8.0,9.0,6.0,9.0,7.0,8.0,10.0,8.0,10.0,10.0,7.0,7.0,40.0,10.0,15.0,20.0,10.0,5.0,60.0,5.0,5.0,15.0,5.0,10.0,9.0,9.0,9.0,9.0,8.0,9.0,10.0,9.0,10.0,9.0,4.0,2.0,3.0,school psychologist
325,0,7,13,5.0,7.0,9.0,9.0,9.0,9.0,7.0,7.0,7.0,9.0,7.0,9.0,9.0,9.0,9.0,4.0,6.0,10.0,20.0,20.0,10.0,10.0,30.0,30.0,20.0,10.0,20.0,10.0,10.0,7.0,9.0,8.0,7.0,8.0,7.0,9.0,8.0,7.0,8.0,6.0,2.0,3.0,School Psychologist
326,0,9,13,2.0,2.0,3.0,8.0,8.0,8.0,2.0,2.0,6.0,9.0,6.0,10.0,8.0,10.0,10.0,10.0,8.0,15.0,15.0,15.0,20.0,20.0,15.0,25.0,15.0,10.0,25.0,10.0,15.0,8.0,9.0,9.0,6.0,8.0,8.0,8.0,7.0,7.0,6.0,6.0,4.0,9.0,Educator
327,0,11,13,1.0,1.0,5.0,10.0,8.0,7.0,7.0,1.0,6.0,10.0,1.0,9.0,8.0,9.0,9.0,1.0,5.0,15.0,10.0,20.0,20.0,20.0,15.0,50.0,10.0,10.0,10.0,0.0,20.0,7.0,7.0,8.0,9.0,10.0,8.0,8.0,8.0,8.0,10.0,6.0,3.0,13.0,Consulting
328,0,13,13,8.0,3.0,10.0,10.0,10.0,10.0,10.0,1.0,5.0,10.0,7.0,10.0,10.0,10.0,10.0,5.0,10.0,22.0,12.0,30.0,25.0,10.0,1.0,10.0,10.0,20.0,40.0,10.0,10.0,7.0,10.0,10.0,8.0,10.0,9.0,10.0,10.0,8.0,8.0,3.0,1.0,9.0,Teacher
329,0,15,13,3.0,2.0,7.0,7.0,10.0,10.0,3.0,1.0,4.0,10.0,2.0,10.0,7.0,6.0,8.0,2.0,1.0,15.0,22.0,22.0,16.0,15.0,10.0,30.0,10.0,10.0,30.0,10.0,10.0,8.0,9.0,8.0,5.0,8.0,7.0,9.0,8.0,2.0,6.0,6.0,2.0,9.0,teacher
330,0,17,13,8.0,7.0,7.0,8.0,5.0,5.0,2.0,2.0,9.0,5.0,7.0,2.0,8.0,4.0,9.0,5.0,2.0,15.0,25.0,15.0,20.0,10.0,15.0,50.0,10.0,5.0,15.0,5.0,15.0,8.0,10.0,7.0,9.0,9.0,9.0,9.0,9.0,9.0,9.0,7.0,3.0,5.0,not sure yet :)
331,0,19,13,4.0,7.0,4.0,6.0,7.0,7.0,10.0,2.0,1.0,9.0,3.0,7.0,7.0,9.0,9.0,4.0,10.0,15.0,15.0,10.0,25.0,10.0,25.0,30.0,10.0,10.0,30.0,10.0,10.0,7.0,9.0,7.0,9.0,4.0,7.0,7.0,7.0,9.0,7.0,6.0,3.0,9.0,Early Childhood Ed. - College/univ. faculity
332,1,2,13,7.0,2.0,8.0,5.0,10.0,10.0,7.0,3.0,7.0,9.0,5.0,8.0,10.0,5.0,9.0,7.0,1.0,60.0,10.0,10.0,10.0,5.0,5.0,50.0,5.0,5.0,30.0,5.0,5.0,5.0,10.0,6.0,6.0,10.0,4.0,6.0,4.0,3.0,8.0,7.0,4.0,3.0,medical examiner or researcher
333,1,4,13,10.0,5.0,10.0,7.0,3.0,1.0,10.0,5.0,3.0,8.0,2.0,4.0,8.0,2.0,4.0,3.0,6.0,50.0,5.0,15.0,20.0,10.0,0.0,20.0,15.0,10.0,20.0,20.0,15.0,7.0,4.0,9.0,7.0,9.0,8.0,6.0,10.0,7.0,8.0,3.0,1.0,8.0,Investment Banking
334,1,6,13,9.0,4.0,9.0,9.0,8.0,8.0,5.0,6.0,8.0,5.0,5.0,6.0,6.0,3.0,5.0,8.0,5.0,40.0,10.0,15.0,10.0,10.0,15.0,20.0,10.0,20.0,20.0,10.0,20.0,8.0,7.0,8.0,8.0,9.0,8.0,8.0,8.0,8.0,8.0,5.0,3.0,8.0,Healthcare
335,1,8,13,9.0,1.0,9.0,4.0,7.0,7.0,4.0,1.0,4.0,8.0,6.0,5.0,4.0,3.0,8.0,5.0,7.0,20.0,10.0,20.0,20.0,15.0,15.0,15.0,20.0,20.0,20.0,15.0,10.0,8.0,7.0,8.0,9.0,8.0,8.0,7.0,9.0,9.0,9.0,3.0,3.0,3.0,research
336,1,10,13,5.0,4.0,4.0,5.0,8.0,10.0,4.0,1.0,1.0,9.0,4.0,6.0,10.0,10.0,10.0,3.0,4.0,20.0,15.0,30.0,10.0,15.0,10.0,30.0,15.0,20.0,10.0,15.0,10.0,5.0,9.0,7.0,7.0,9.0,4.0,6.0,6.0,5.0,10.0,5.0,2.0,17.0,Architecture and design
337,1,12,13,9.0,9.0,8.0,8.0,8.0,7.0,5.0,4.0,6.0,7.0,5.0,7.0,8.0,7.0,6.0,4.0,4.0,17.0,17.0,17.0,17.0,16.0,16.0,16.0,17.0,17.0,17.0,17.0,16.0,6.0,6.0,6.0,6.0,6.0,6.0,6.0,6.0,6.0,6.0,5.0,3.0,5.0,Civil Engineer
338,1,14,13,4.0,2.0,7.0,6.0,8.0,8.0,8.0,6.0,6.0,8.0,4.0,10.0,10.0,7.0,7.0,5.0,10.0,10.0,20.0,25.0,20.0,20.0,5.0,25.0,10.0,20.0,25.0,10.0,10.0,7.0,9.0,9.0,7.0,10.0,7.0,9.0,9.0,7.0,9.0,4.0,2.0,5.0,Real Estate Consulting
341,0,1,14,1.0,2.0,1.0,10.0,9.0,9.0,8.0,1.0,6.0,10.0,10.0,10.0,10.0,10.0,10.0,9.0,10.0,20.0,20.0,20.0,20.0,20.0,0.0,60.0,10.0,10.0,15.0,0.0,5.0,7.0,9.0,7.0,9.0,9.0,7.0,7.0,6.0,6.0,6.0,6.0,1.0,13.0,undecided
342,0,3,14,3.0,4.0,4.0,10.0,9.0,10.0,1.0,1.0,8.0,7.0,10.0,8.0,10.0,1.0,4.0,10.0,4.0,40.0,15.0,25.0,5.0,15.0,0.0,70.0,5.0,5.0,15.0,5.0,0.0,10.0,10.0,10.0,10.0,10.0,10.0,10.0,10.0,10.0,10.0,6.0,3.0,9.0,University President
343,0,5,14,6.0,3.0,3.0,10.0,10.0,10.0,8.0,2.0,3.0,5.0,4.0,8.0,9.0,9.0,9.0,9.0,7.0,5.0,25.0,20.0,10.0,15.0,25.0,30.0,15.0,7.0,20.0,8.0,20.0,4.0,8.0,10.0,6.0,7.0,6.0,7.0,9.0,6.0,8.0,2.0,1.0,10.0,Epidemiologist
344,0,7,14,9.0,7.0,5.0,6.0,7.0,6.0,4.0,3.0,9.0,4.0,4.0,9.0,9.0,9.0,9.0,9.0,5.0,15.0,15.0,15.0,20.0,20.0,15.0,30.0,10.0,10.0,20.0,10.0,20.0,7.0,7.0,8.0,8.0,9.0,8.0,8.0,9.0,8.0,9.0,4.0,3.0,13.0,Security Policy - Homeland Defense
345,0,9,14,5.0,1.0,10.0,6.0,5.0,5.0,3.0,4.0,8.0,9.0,6.0,7.0,7.0,8.0,9.0,6.0,9.0,10.0,20.0,27.0,23.0,15.0,5.0,35.0,10.0,10.0,25.0,10.0,10.0,7.0,9.0,9.0,7.0,7.0,6.0,10.0,10.0,7.0,10.0,7.0,4.0,10.0,Nutritionist
347,0,13,14,1.0,1.0,2.0,10.0,3.0,3.0,1.0,1.0,8.0,2.0,5.0,3.0,8.0,1.0,7.0,10.0,1.0,30.0,5.0,10.0,20.0,30.0,5.0,30.0,5.0,10.0,20.0,30.0,5.0,8.0,6.0,10.0,10.0,10.0,10.0,2.0,10.0,8.0,9.0,6.0,1.0,9.0,GOVERNOR
348,0,15,14,3.0,5.0,1.0,10.0,10.0,10.0,2.0,1.0,9.0,10.0,7.0,10.0,7.0,7.0,7.0,10.0,5.0,15.0,25.0,15.0,15.0,15.0,15.0,25.0,15.0,15.0,15.0,15.0,15.0,6.0,10.0,10.0,10.0,10.0,5.0,8.0,8.0,8.0,8.0,6.0,1.0,9.0,EDUCATION ADMINISTRATION
349,0,17,14,2.0,3.0,10.0,8.0,7.0,8.0,7.0,1.0,6.0,7.0,4.0,8.0,8.0,8.0,9.0,6.0,7.0,25.0,20.0,10.0,20.0,20.0,5.0,50.0,5.0,20.0,30.0,5.0,0.0,7.0,8.0,9.0,8.0,7.0,8.0,7.0,8.0,9.0,9.0,4.0,2.0,3.0,Director of Training and Development
350,0,19,14,9.0,2.0,10.0,9.0,8.0,8.0,8.0,7.0,7.0,9.0,9.0,9.0,9.0,9.0,9.0,5.0,7.0,12.0,25.0,25.0,8.0,15.0,15.0,30.0,5.0,10.0,25.0,5.0,25.0,7.0,10.0,8.0,6.0,8.0,7.0,9.0,7.0,4.0,8.0,7.0,3.0,10.0,Private practice Dietician
351,0,21,14,5.0,2.0,5.0,10.0,10.0,10.0,7.0,2.0,3.0,10.0,3.0,10.0,10.0,10.0,10.0,5.0,5.0,15.0,15.0,30.0,15.0,15.0,10.0,30.0,10.0,10.0,30.0,10.0,10.0,8.0,10.0,8.0,7.0,9.0,8.0,8.0,8.0,8.0,8.0,5.0,4.0,9.0,"music educator, performer"
352,0,23,14,8.0,5.0,10.0,10.0,10.0,10.0,8.0,4.0,5.0,5.0,8.0,9.0,9.0,10.0,10.0,7.0,7.0,20.0,20.0,20.0,10.0,10.0,20.0,20.0,20.0,15.0,10.0,15.0,20.0,9.0,10.0,9.0,9.0,8.0,9.0,9.0,9.0,8.0,9.0,4.0,3.0,9.0,Artist
353,0,25,14,3.0,4.0,5.0,8.0,9.0,9.0,8.0,8.0,5.0,6.0,4.0,9.0,9.0,8.0,9.0,8.0,5.0,15.0,10.0,25.0,25.0,10.0,15.0,18.0,18.0,19.0,19.0,18.0,18.0,6.0,6.0,6.0,6.0,6.0,8.0,8.0,8.0,8.0,8.0,2.0,1.0,9.0,teacher
354,0,27,14,10.0,10.0,10.0,10.0,8.0,8.0,1.0,1.0,1.0,8.0,10.0,10.0,10.0,10.0,10.0,10.0,6.0,20.0,10.0,20.0,20.0,20.0,10.0,40.0,5.0,10.0,25.0,15.0,15.0,7.0,7.0,8.0,10.0,8.0,7.0,8.0,8.0,10.0,8.0,6.0,1.0,3.0,Clinical Psychology
355,0,29,14,9.0,1.0,7.0,8.0,7.0,7.0,7.0,1.0,9.0,9.0,2.0,9.0,9.0,9.0,9.0,9.0,2.0,50.0,20.0,10.0,5.0,10.0,5.0,60.0,10.0,5.0,20.0,5.0,0.0,6.0,10.0,8.0,8.0,8.0,6.0,6.0,7.0,8.0,8.0,4.0,3.0,3.0,Clinical Psychologist
356,0,31,14,10.0,9.0,8.0,10.0,8.0,5.0,7.0,1.0,5.0,8.0,9.0,8.0,9.0,7.0,10.0,5.0,6.0,15.0,25.0,20.0,20.0,0.0,20.0,50.0,0.0,20.0,25.0,0.0,5.0,7.0,10.0,9.0,8.0,6.0,7.0,10.0,9.0,7.0,9.0,7.0,2.0,3.0,Psychologist
357,0,33,14,2.0,6.0,10.0,10.0,10.0,10.0,8.0,1.0,7.0,10.0,6.0,10.0,8.0,7.0,7.0,8.0,1.0,15.0,20.0,20.0,20.0,20.0,5.0,60.0,0.0,5.0,20.0,0.0,15.0,6.0,10.0,7.0,7.0,6.0,7.0,7.0,6.0,6.0,6.0,4.0,2.0,9.0,education
358,0,35,14,6.0,2.0,7.0,10.0,4.0,5.0,2.0,4.0,9.0,9.0,6.0,5.0,8.0,4.0,5.0,7.0,3.0,20.0,10.0,25.0,25.0,10.0,10.0,40.0,5.0,10.0,10.0,5.0,30.0,8.0,7.0,8.0,8.0,7.0,8.0,7.0,8.0,8.0,7.0,5.0,3.0,8.0,Marketing or Strategy and Business Development
359,0,37,14,2.0,1.0,1.0,7.0,2.0,2.0,6.0,8.0,1.0,10.0,3.0,7.0,8.0,8.0,8.0,1.0,4.0,9.0,17.0,23.0,15.0,14.0,22.0,25.0,7.0,8.0,25.0,10.0,25.0,7.0,10.0,9.0,2.0,8.0,4.0,8.0,8.0,4.0,2.0,6.0,3.0,6.0,"reorganizing society. no, I am not being flip."
360,0,38,14,9.0,7.0,6.0,9.0,7.0,8.0,9.0,9.0,1.0,7.0,6.0,7.0,7.0,10.0,10.0,7.0,8.0,20.0,30.0,10.0,10.0,10.0,20.0,30.0,10.0,10.0,20.0,10.0,20.0,8.0,10.0,8.0,8.0,8.0,8.0,10.0,9.0,8.0,9.0,6.0,2.0,3.0,Clinical Psychologist
361,1,2,14,3.0,1.0,3.0,5.0,9.0,10.0,3.0,3.0,4.0,10.0,6.0,8.0,9.0,7.0,7.0,3.0,2.0,30.0,20.0,30.0,5.0,5.0,10.0,30.0,10.0,20.0,5.0,30.0,5.0,7.0,7.0,7.0,5.0,9.0,7.0,7.0,7.0,3.0,3.0,6.0,6.0,1.0,Intellectual Property Attorney
362,1,4,14,8.0,2.0,1.0,9.0,6.0,6.0,6.0,4.0,7.0,6.0,4.0,6.0,6.0,6.0,6.0,7.0,2.0,20.51,14.53,24.79,17.09,5.98,17.09,33.0,17.0,16.0,33.0,0.0,1.0,7.0,7.0,8.0,9.0,8.0,7.0,7.0,8.0,10.0,8.0,4.0,3.0,1.0,Law
363,1,6,14,3.0,3.0,9.0,10.0,4.0,5.0,8.0,6.0,9.0,7.0,5.0,5.0,8.0,7.0,5.0,8.0,5.0,25.0,20.0,20.0,20.0,5.0,10.0,20.0,25.0,15.0,30.0,5.0,5.0,5.0,7.0,8.0,8.0,3.0,5.0,8.0,7.0,7.0,4.0,6.0,2.0,5.0,investment banking
364,1,8,14,9.0,7.0,9.0,9.0,4.0,3.0,3.0,5.0,1.0,9.0,5.0,4.0,7.0,5.0,6.0,8.0,1.0,25.0,25.0,25.0,15.0,10.0,0.0,25.0,10.0,25.0,20.0,15.0,5.0,8.0,8.0,9.0,8.0,9.0,8.0,8.0,9.0,9.0,10.0,4.0,2.0,8.0,Consulting
365,1,10,14,7.0,3.0,3.0,9.0,9.0,10.0,8.0,4.0,8.0,8.0,1.0,5.0,7.0,9.0,10.0,5.0,5.0,31.58,10.53,15.79,21.05,10.53,10.53,20.0,20.0,20.0,15.0,15.0,10.0,8.0,2.0,9.0,9.0,9.0,8.0,7.0,7.0,8.0,7.0,2.0,1.0,8.0,Make money
366,1,12,14,6.0,6.0,4.0,8.0,9.0,9.0,7.0,6.0,8.0,9.0,4.0,6.0,7.0,10.0,10.0,8.0,6.0,14.0,18.0,17.0,16.0,15.0,20.0,13.0,20.0,14.0,20.0,13.0,20.0,6.0,8.0,8.0,9.0,10.0,5.0,8.0,8.0,10.0,10.0,4.0,1.0,8.0,Art Management
367,1,14,14,6.0,7.0,8.0,8.0,5.0,5.0,3.0,4.0,8.0,5.0,6.0,3.0,3.0,7.0,8.0,7.0,2.0,30.0,15.0,20.0,25.0,5.0,5.0,20.0,25.0,25.0,10.0,15.0,5.0,7.0,7.0,7.0,8.0,5.0,7.0,5.0,6.0,9.0,6.0,4.0,1.0,13.0,Political Development in Africa
368,1,16,14,4.0,6.0,4.0,8.0,9.0,7.0,3.0,8.0,9.0,9.0,9.0,7.0,9.0,8.0,9.0,8.0,4.0,20.0,10.0,25.0,20.0,10.0,15.0,20.0,20.0,20.0,15.0,15.0,10.0,6.0,8.0,8.0,8.0,7.0,6.0,7.0,8.0,7.0,8.0,4.0,2.0,13.0,Journalist
369,1,18,14,2.0,6.0,2.0,6.0,7.0,7.0,7.0,1.0,1.0,10.0,3.0,7.0,5.0,6.0,8.0,1.0,1.0,17.0,18.0,28.0,27.0,5.0,5.0,50.0,5.0,10.0,20.0,5.0,10.0,6.0,9.0,10.0,9.0,7.0,6.0,9.0,10.0,9.0,7.0,5.0,3.0,3.0,"clinical psychologist, researcher, professor"
370,1,20,14,7.0,8.0,7.0,7.0,6.0,6.0,3.0,1.0,6.0,7.0,2.0,2.0,2.0,5.0,9.0,4.0,1.0,50.0,10.0,10.0,10.0,10.0,10.0,30.0,10.0,20.0,10.0,20.0,10.0,8.0,6.0,9.0,9.0,9.0,8.0,6.0,9.0,9.0,9.0,4.0,1.0,8.0,Consulting
371,1,22,14,10.0,7.0,7.0,3.0,3.0,3.0,3.0,3.0,3.0,4.0,5.0,3.0,6.0,10.0,10.0,1.0,7.0,40.0,0.0,10.0,50.0,0.0,0.0,15.0,15.0,15.0,15.0,20.0,20.0,10.0,8.0,10.0,10.0,10.0,10.0,10.0,10.0,10.0,10.0,7.0,1.0,8.0,Intl Development
372,1,24,14,9.0,10.0,8.0,9.0,9.0,9.0,7.0,4.0,2.0,9.0,6.0,8.0,6.0,7.0,7.0,4.0,2.0,30.0,15.0,15.0,20.0,5.0,15.0,30.0,10.0,15.0,10.0,20.0,15.0,7.0,8.0,9.0,8.0,8.0,7.0,8.0,8.0,8.0,7.0,5.0,2.0,8.0,undecided
373,1,26,14,7.0,5.0,8.0,8.0,7.0,6.0,3.0,5.0,9.0,8.0,2.0,3.0,4.0,5.0,9.0,8.0,2.0,75.0,5.0,5.0,10.0,0.0,5.0,80.0,5.0,5.0,5.0,5.0,0.0,9.0,8.0,9.0,9.0,9.0,9.0,7.0,8.0,10.0,8.0,5.0,2.0,8.0,Business Consulting
374,1,28,14,10.0,10.0,8.0,7.0,8.0,8.0,5.0,5.0,6.0,5.0,6.0,9.0,10.0,9.0,8.0,4.0,4.0,50.0,10.0,10.0,10.0,5.0,15.0,60.0,10.0,10.0,10.0,5.0,5.0,6.0,7.0,7.0,6.0,7.0,7.0,7.0,6.0,6.0,6.0,4.0,2.0,8.0,CONSULTING
375,1,30,14,9.0,8.0,5.0,8.0,4.0,4.0,2.0,2.0,7.0,5.0,6.0,5.0,6.0,3.0,6.0,7.0,3.0,30.0,20.0,15.0,15.0,8.0,12.0,30.0,10.0,10.0,15.0,25.0,10.0,8.0,9.0,8.0,9.0,9.0,9.0,8.0,8.0,8.0,9.0,3.0,1.0,8.0,Private Equity
376,1,32,14,4.0,1.0,4.0,10.0,5.0,6.0,7.0,7.0,3.0,3.0,9.0,7.0,9.0,5.0,6.0,9.0,5.0,30.0,10.0,15.0,20.0,15.0,10.0,30.0,10.0,20.0,10.0,20.0,10.0,6.0,10.0,9.0,8.0,10.0,6.0,9.0,10.0,8.0,10.0,5.0,2.0,8.0,still wondering
377,1,34,14,7.0,9.0,6.0,6.0,3.0,3.0,1.0,7.0,8.0,6.0,8.0,5.0,8.0,7.0,8.0,6.0,2.0,25.0,20.0,10.0,20.0,15.0,10.0,20.0,25.0,20.0,20.0,10.0,5.0,7.0,8.0,7.0,8.0,7.0,7.0,6.0,7.0,8.0,7.0,5.0,1.0,8.0,investment management
378,1,36,14,9.0,5.0,10.0,5.0,4.0,4.0,2.0,1.0,8.0,7.0,3.0,3.0,8.0,5.0,8.0,5.0,2.0,25.0,15.0,20.0,20.0,10.0,10.0,25.0,10.0,10.0,15.0,30.0,10.0,6.0,7.0,9.0,7.0,7.0,6.0,6.0,9.0,8.0,7.0,5.0,2.0,8.0,Finance Related
379,0,1,15,4.0,4.0,6.0,7.0,8.0,8.0,7.0,2.0,2.0,6.0,7.0,7.0,9.0,6.0,6.0,3.0,5.0,15.0,15.0,20.0,15.0,15.0,20.0,50.0,5.0,5.0,30.0,0.0,10.0,6.0,9.0,8.0,6.0,9.0,5.0,8.0,8.0,5.0,9.0,7.0,2.0,8.0,Media Marketing/Entrepreneurship
380,0,3,15,7.0,8.0,8.0,8.0,5.0,5.0,3.0,1.0,5.0,5.0,7.0,7.0,10.0,9.0,9.0,9.0,9.0,20.0,20.0,20.0,15.0,15.0,10.0,100.0,0.0,0.0,0.0,0.0,0.0,4.0,7.0,9.0,9.0,9.0,3.0,7.0,9.0,9.0,9.0,7.0,4.0,14.0,film directing
381,0,5,15,5.0,5.0,5.0,7.0,8.0,8.0,6.0,5.0,6.0,9.0,6.0,4.0,8.0,7.0,8.0,8.0,7.0,20.0,10.0,20.0,35.0,5.0,10.0,40.0,5.0,20.0,15.0,10.0,10.0,7.0,7.0,9.0,10.0,8.0,7.0,8.0,8.0,9.0,9.0,4.0,1.0,14.0,Screenwriter
382,0,7,15,6.0,5.0,10.0,10.0,9.0,9.0,6.0,8.0,3.0,8.0,10.0,8.0,10.0,9.0,9.0,9.0,1.0,25.0,25.0,25.0,10.0,10.0,5.0,80.0,0.0,10.0,10.0,0.0,0.0,7.0,7.0,7.0,7.0,10.0,8.0,8.0,8.0,8.0,8.0,7.0,3.0,14.0,Filmmaker
383,0,9,15,9.0,7.0,9.0,9.0,8.0,8.0,5.0,1.0,5.0,6.0,9.0,4.0,9.0,8.0,7.0,7.0,4.0,25.0,20.0,10.0,20.0,15.0,10.0,75.0,1.0,2.0,20.0,1.0,1.0,7.0,9.0,6.0,7.0,6.0,8.0,9.0,8.0,9.0,9.0,6.0,2.0,9.0,Director of Admissions
384,0,11,15,8.0,5.0,7.0,9.0,10.0,10.0,3.0,3.0,7.0,6.0,7.0,10.0,10.0,5.0,6.0,6.0,3.0,20.0,20.0,20.0,20.0,20.0,0.0,20.0,20.0,10.0,20.0,20.0,10.0,8.0,8.0,8.0,9.0,9.0,7.0,8.0,8.0,10.0,10.0,5.0,3.0,9.0,Undecided
385,0,13,15,7.0,5.0,8.0,10.0,10.0,10.0,10.0,6.0,8.0,9.0,6.0,10.0,10.0,8.0,10.0,9.0,8.0,25.0,20.0,20.0,20.0,10.0,5.0,50.0,5.0,10.0,20.0,5.0,10.0,8.0,8.0,8.0,6.0,6.0,7.0,10.0,6.0,8.0,5.0,5.0,3.0,9.0,Elementary Education Teaching
386,0,15,15,1.0,3.0,5.0,8.0,7.0,7.0,2.0,5.0,7.0,8.0,8.0,9.0,9.0,8.0,8.0,8.0,3.0,15.0,10.0,30.0,10.0,15.0,20.0,40.0,5.0,10.0,20.0,10.0,15.0,7.0,8.0,9.0,9.0,9.0,6.0,8.0,8.0,7.0,9.0,7.0,2.0,3.0,School Psychologist
387,0,17,15,5.0,5.0,8.0,8.0,6.0,6.0,4.0,3.0,8.0,7.0,7.0,8.0,8.0,7.0,7.0,8.0,2.0,20.0,15.0,25.0,15.0,15.0,10.0,30.0,15.0,20.0,15.0,10.0,10.0,8.0,8.0,8.0,8.0,8.0,7.0,7.0,7.0,7.0,7.0,7.0,2.0,3.0,School Psychologist
388,0,19,15,7.0,4.0,8.0,7.0,3.0,3.0,5.0,3.0,4.0,7.0,6.0,6.0,7.0,6.0,6.0,6.0,4.0,22.0,17.0,15.0,15.0,15.0,16.0,25.0,15.0,15.0,15.0,15.0,15.0,8.0,8.0,8.0,7.0,8.0,7.0,9.0,9.0,8.0,9.0,4.0,2.0,3.0,School Counseling
389,0,21,15,7.0,8.0,5.0,8.0,7.0,7.0,10.0,2.0,1.0,10.0,7.0,8.0,8.0,10.0,10.0,7.0,8.0,20.0,30.0,20.0,20.0,0.0,10.0,50.0,0.0,10.0,15.0,15.0,10.0,8.0,10.0,7.0,9.0,5.0,8.0,10.0,9.0,7.0,7.0,3.0,1.0,1.0,attorney?
390,0,23,15,6.0,1.0,6.0,10.0,6.0,6.0,8.0,1.0,4.0,10.0,6.0,8.0,8.0,8.0,8.0,4.0,6.0,10.0,20.0,20.0,10.0,10.0,30.0,10.0,20.0,20.0,10.0,10.0,30.0,8.0,8.0,8.0,8.0,8.0,8.0,8.0,8.0,8.0,8.0,4.0,3.0,9.0,Academic
391,0,25,15,8.0,1.0,6.0,8.0,6.0,7.0,9.0,1.0,9.0,9.0,1.0,3.0,5.0,5.0,5.0,4.0,2.0,35.0,0.0,35.0,10.0,10.0,10.0,80.0,0.0,0.0,20.0,0.0,0.0,8.0,9.0,9.0,9.0,7.0,8.0,9.0,9.0,9.0,7.0,4.0,1.0,6.0,Writer
392,0,27,15,4.0,3.0,3.0,9.0,10.0,9.0,9.0,1.0,3.0,10.0,6.0,8.0,10.0,5.0,10.0,7.0,7.0,15.0,20.0,15.0,30.0,10.0,10.0,25.0,10.0,10.0,25.0,15.0,15.0,4.0,7.0,8.0,7.0,7.0,5.0,6.0,7.0,8.0,5.0,4.0,3.0,6.0,Writer/teacher
393,0,29,15,3.0,2.0,3.0,5.0,9.0,9.0,4.0,3.0,4.0,9.0,6.0,7.0,8.0,7.0,7.0,5.0,4.0,8.0,20.0,25.0,25.0,12.0,10.0,18.0,18.0,18.0,18.0,5.0,13.0,7.0,9.0,8.0,8.0,8.0,7.0,8.0,8.0,8.0,8.0,7.0,1.0,6.0,Writing or Editorial
394,0,31,15,3.0,1.0,4.0,9.0,8.0,8.0,10.0,1.0,1.0,10.0,6.0,9.0,9.0,8.0,7.0,7.0,2.0,18.0,19.0,16.0,15.0,15.0,17.0,20.0,20.0,15.0,15.0,15.0,15.0,9.0,8.0,7.0,7.0,7.0,8.0,8.0,7.0,7.0,7.0,4.0,2.0,6.0,writer/editor
395,0,33,15,3.0,4.0,4.0,10.0,8.0,8.0,6.0,1.0,8.0,9.0,3.0,10.0,10.0,7.0,9.0,7.0,8.0,20.0,20.0,20.0,10.0,10.0,20.0,30.0,20.0,10.0,20.0,10.0,10.0,8.0,8.0,9.0,7.0,7.0,9.0,8.0,8.0,7.0,8.0,4.0,2.0,6.0,writer/editor
396,0,35,15,3.0,8.0,7.0,10.0,10.0,10.0,7.0,7.0,7.0,10.0,9.0,10.0,10.0,10.0,10.0,7.0,7.0,15.0,18.0,18.0,18.0,15.0,16.0,20.0,15.0,15.0,18.0,14.0,18.0,8.0,10.0,10.0,10.0,8.0,8.0,10.0,10.0,10.0,9.0,7.0,2.0,15.0,producer at a non-profit regional theatre
397,1,2,15,9.0,8.0,8.0,6.0,7.0,7.0,6.0,2.0,6.0,7.0,5.0,7.0,8.0,4.0,7.0,5.0,1.0,20.0,21.0,21.0,22.0,6.0,10.0,18.0,28.0,17.0,23.0,6.0,8.0,7.0,7.0,10.0,7.0,9.0,6.0,6.0,9.0,7.0,8.0,5.0,2.0,1.0,Lawyer
398,1,4,15,4.0,1.0,2.0,10.0,7.0,7.0,9.0,9.0,8.0,7.0,7.0,7.0,9.0,6.0,5.0,6.0,2.0,45.0,10.0,10.0,30.0,0.0,5.0,20.0,20.0,20.0,20.0,10.0,10.0,7.0,6.0,7.0,10.0,8.0,7.0,6.0,8.0,10.0,7.0,3.0,1.0,8.0,Consultin \ Management
399,1,6,15,9.0,2.0,9.0,9.0,9.0,9.0,7.0,3.0,5.0,9.0,1.0,6.0,7.0,8.0,10.0,3.0,8.0,25.0,10.0,20.0,20.0,10.0,15.0,15.0,15.0,25.0,20.0,25.0,0.0,9.0,9.0,9.0,9.0,9.0,8.0,9.0,9.0,10.0,10.0,4.0,2.0,8.0,Consulting
400,1,8,15,7.0,4.0,7.0,7.0,6.0,6.0,6.0,1.0,8.0,7.0,1.0,7.0,7.0,6.0,7.0,1.0,1.0,70.0,5.0,20.0,3.0,1.0,1.0,80.0,5.0,5.0,4.0,3.0,3.0,7.0,10.0,8.0,6.0,7.0,7.0,7.0,9.0,6.0,9.0,4.0,2.0,8.0,Entrepreneur
401,1,10,15,10.0,1.0,4.0,8.0,8.0,8.0,8.0,2.0,5.0,5.0,1.0,8.0,8.0,10.0,10.0,7.0,3.0,35.0,0.0,25.0,20.0,0.0,20.0,25.0,10.0,30.0,10.0,0.0,25.0,8.0,5.0,10.0,7.0,5.0,8.0,7.0,10.0,5.0,6.0,4.0,1.0,8.0,Consulting
402,1,12,15,10.0,2.0,6.0,9.0,6.0,6.0,9.0,7.0,4.0,3.0,3.0,5.0,8.0,4.0,4.0,6.0,9.0,25.0,20.0,15.0,25.0,10.0,5.0,25.0,20.0,10.0,20.0,10.0,15.0,6.0,8.0,10.0,7.0,9.0,7.0,10.0,10.0,8.0,9.0,4.0,2.0,2.0,Financial Mathematics-Investment Bank or Hedge Fund-Derivatives Quant Analyst
403,1,14,15,9.0,8.0,3.0,7.0,4.0,3.0,5.0,3.0,3.0,5.0,6.0,5.0,8.0,3.0,6.0,2.0,1.0,20.0,25.0,20.0,15.0,5.0,15.0,25.0,20.0,10.0,20.0,15.0,10.0,4.0,8.0,9.0,7.0,9.0,4.0,8.0,9.0,7.0,7.0,5.0,3.0,5.0,Work in an investment bank
404,1,16,15,10.0,5.0,8.0,10.0,8.0,8.0,9.0,7.0,9.0,8.0,4.0,5.0,8.0,7.0,8.0,6.0,3.0,25.0,14.0,25.0,25.0,3.0,8.0,10.0,16.0,24.0,24.0,20.0,6.0,6.0,9.0,8.0,7.0,8.0,8.0,6.0,8.0,7.0,6.0,5.0,2.0,5.0,Investment Banking
405,1,18,15,6.0,1.0,6.0,9.0,8.0,9.0,2.0,6.0,8.0,8.0,6.0,10.0,9.0,7.0,9.0,9.0,5.0,30.0,25.0,20.0,15.0,5.0,5.0,25.0,10.0,25.0,15.0,20.0,5.0,8.0,8.0,9.0,10.0,10.0,8.0,8.0,9.0,10.0,9.0,5.0,5.0,13.0,Diplomat / Int'l civil servant
406,1,20,15,4.0,6.0,8.0,9.0,6.0,7.0,8.0,6.0,6.0,7.0,7.0,8.0,9.0,7.0,10.0,2.0,1.0,20.0,20.0,20.0,20.0,20.0,0.0,20.0,20.0,20.0,20.0,20.0,0.0,6.0,7.0,8.0,8.0,9.0,6.0,8.0,7.0,7.0,8.0,6.0,2.0,8.0,Finance
407,1,22,15,8.0,4.0,7.0,9.0,9.0,9.0,7.0,4.0,2.0,9.0,5.0,7.0,10.0,9.0,9.0,7.0,7.0,30.0,15.0,15.0,15.0,15.0,10.0,50.0,10.0,10.0,10.0,10.0,10.0,7.0,9.0,7.0,8.0,8.0,5.0,6.0,7.0,6.0,7.0,4.0,2.0,14.0,Screenwriter
408,1,24,15,7.0,7.0,9.0,8.0,9.0,8.0,3.0,5.0,1.0,6.0,2.0,4.0,8.0,6.0,10.0,2.0,1.0,20.0,10.0,20.0,20.0,10.0,20.0,30.0,15.0,15.0,20.0,10.0,15.0,8.0,7.0,8.0,10.0,9.0,8.0,9.0,8.0,10.0,7.0,7.0,1.0,13.0,Diplomat/Business
409,1,26,15,10.0,4.0,1.0,4.0,7.0,8.0,10.0,2.0,8.0,7.0,2.0,6.0,8.0,10.0,10.0,5.0,2.0,20.0,15.0,20.0,20.0,10.0,15.0,15.0,15.0,20.0,20.0,15.0,15.0,7.0,9.0,9.0,8.0,8.0,7.0,9.0,9.0,7.0,7.0,6.0,3.0,5.0,research - teaching
410,1,28,15,10.0,8.0,5.0,8.0,1.0,1.0,8.0,10.0,1.0,8.0,2.0,2.0,4.0,4.0,5.0,1.0,1.0,20.0,20.0,20.0,20.0,10.0,10.0,30.0,10.0,10.0,20.0,10.0,10.0,7.0,10.0,10.0,6.0,10.0,7.0,10.0,10.0,5.0,10.0,5.0,1.0,8.0,business
411,1,30,15,7.0,6.0,6.0,7.0,7.0,6.0,3.0,3.0,1.0,8.0,1.0,7.0,6.0,7.0,10.0,8.0,3.0,35.0,15.0,15.0,25.0,10.0,0.0,60.0,0.0,10.0,20.0,0.0,0.0,8.0,6.0,7.0,9.0,5.0,7.0,7.0,7.0,8.0,6.0,4.0,1.0,8.0,M&A Advisory
412,1,32,15,10.0,10.0,10.0,5.0,8.0,8.0,0.0,7.0,3.0,8.0,6.0,5.0,5.0,8.0,8.0,4.0,4.0,75.0,5.0,5.0,5.0,5.0,5.0,60.0,10.0,10.0,10.0,5.0,5.0,7.0,7.0,8.0,8.0,8.0,7.0,7.0,10.0,10.0,10.0,5.0,2.0,8.0,millionaire
415,1,37,15,1.0,1.0,6.0,6.0,7.0,5.0,1.0,1.0,3.0,10.0,1.0,6.0,6.0,3.0,7.0,1.0,1.0,10.0,20.0,40.0,10.0,10.0,10.0,20.0,10.0,10.0,30.0,10.0,20.0,7.0,8.0,10.0,4.0,8.0,7.0,4.0,10.0,3.0,10.0,4.0,2.0,8.0,Trader
417,0,3,16,6.0,1.0,4.0,5.0,8.0,8.0,8.0,3.0,5.0,7.0,2.0,6.0,7.0,7.0,6.0,3.0,8.0,20.0,20.0,20.0,10.0,10.0,20.0,25.0,10.0,10.0,20.0,15.0,20.0,7.0,8.0,8.0,4.0,8.0,7.0,8.0,8.0,4.0,8.0,5.0,3.0,3.0,Clinical Psychologist
418,0,5,16,2.0,2.0,5.0,9.0,7.0,8.0,6.0,5.0,6.0,10.0,8.0,8.0,10.0,7.0,9.0,7.0,7.0,15.0,25.0,20.0,15.0,10.0,15.0,25.0,15.0,15.0,20.0,10.0,15.0,7.0,9.0,8.0,7.0,5.0,7.0,9.0,8.0,7.0,5.0,7.0,2.0,1.0,Lawyer
419,0,7,16,6.0,2.0,5.0,8.0,5.0,6.0,5.0,2.0,9.0,9.0,8.0,9.0,9.0,6.0,6.0,4.0,7.0,5.0,30.0,20.0,10.0,5.0,30.0,50.0,10.0,5.0,10.0,5.0,20.0,9.0,8.0,9.0,5.0,3.0,8.0,8.0,9.0,3.0,8.0,2.0,1.0,11.0,Social Work Policy
420,0,9,16,8.0,4.0,5.0,10.0,8.0,8.0,7.0,4.0,3.0,9.0,7.0,8.0,7.0,4.0,5.0,6.0,4.0,10.0,10.0,40.0,10.0,15.0,15.0,35.0,5.0,15.0,25.0,5.0,15.0,8.0,9.0,10.0,7.0,7.0,8.0,8.0,10.0,9.0,9.0,4.0,2.0,11.0,Social Worker
421,0,11,16,1.0,1.0,1.0,8.0,5.0,5.0,1.0,5.0,5.0,5.0,8.0,10.0,10.0,5.0,10.0,10.0,5.0,20.0,10.0,30.0,20.0,10.0,10.0,30.0,10.0,20.0,20.0,10.0,10.0,7.0,7.0,6.0,6.0,6.0,7.0,7.0,6.0,6.0,6.0,4.0,3.0,11.0,Social Worker
422,1,2,16,7.0,2.0,8.0,9.0,9.0,9.0,10.0,2.0,4.0,7.0,5.0,9.0,8.0,6.0,6.0,7.0,9.0,30.0,25.0,20.0,10.0,10.0,5.0,30.0,20.0,15.0,15.0,15.0,5.0,8.0,10.0,8.0,8.0,8.0,7.0,9.0,9.0,7.0,8.0,4.0,2.0,8.0,Fundraising for Non-Profits
423,1,4,16,9.0,2.0,9.0,8.0,7.0,7.0,7.0,6.0,5.0,9.0,5.0,5.0,8.0,7.0,5.0,5.0,4.0,30.0,20.0,30.0,10.0,5.0,5.0,20.0,10.0,20.0,10.0,35.0,5.0,7.0,9.0,9.0,8.0,9.0,7.0,8.0,9.0,9.0,8.0,4.0,1.0,8.0,Money Management
424,1,6,16,7.0,7.0,7.0,7.0,5.0,5.0,6.0,7.0,5.0,5.0,7.0,5.0,8.0,5.0,7.0,8.0,5.0,17.0,16.0,17.0,17.0,17.0,16.0,25.0,15.0,15.0,15.0,15.0,15.0,7.0,7.0,7.0,7.0,7.0,6.0,8.0,7.0,8.0,7.0,6.0,3.0,5.0,Research
425,1,8,16,7.0,8.0,8.0,8.0,7.0,6.0,5.0,2.0,7.0,5.0,5.0,6.0,7.0,5.0,7.0,2.0,2.0,16.0,25.0,20.0,12.0,12.0,15.0,10.0,25.0,20.0,10.0,20.0,15.0,6.0,9.0,9.0,6.0,9.0,6.0,9.0,8.0,5.0,6.0,4.0,2.0,8.0,General Management
426,1,10,16,7.0,2.0,7.0,8.0,6.0,4.0,3.0,2.0,6.0,5.0,3.0,7.0,6.0,6.0,6.0,4.0,2.0,25.0,7.0,35.0,20.0,8.0,5.0,30.0,3.0,40.0,4.0,20.0,3.0,8.0,8.0,10.0,8.0,9.0,7.0,6.0,10.0,6.0,8.0,2.0,1.0,8.0,Lobbyist
427,1,12,16,10.0,1.0,10.0,8.0,7.0,7.0,9.0,1.0,3.0,8.0,1.0,4.0,5.0,7.0,10.0,1.0,10.0,20.0,20.0,20.0,20.0,20.0,20.0,25.0,10.0,10.0,25.0,20.0,10.0,7.0,10.0,7.0,8.0,9.0,8.0,10.0,8.0,9.0,9.0,7.0,3.0,13.0,Energy
428,1,13,16,6.0,5.0,5.0,9.0,6.0,7.0,6.0,5.0,6.0,7.0,5.0,6.0,7.0,5.0,7.0,7.0,3.0,60.0,10.0,10.0,10.0,10.0,0.0,50.0,10.0,10.0,10.0,10.0,10.0,8.0,8.0,9.0,7.0,9.0,8.0,8.0,8.0,8.0,10.0,2.0,1.0,8.0,Management Consulting
429,1,14,16,7.0,8.0,8.0,9.0,8.0,8.0,8.0,6.0,7.0,9.0,8.0,8.0,8.0,8.0,8.0,7.0,6.0,55.0,10.0,15.0,15.0,5.0,0.0,25.0,15.0,15.0,15.0,15.0,15.0,8.0,8.0,9.0,9.0,8.0,8.0,7.0,9.0,9.0,8.0,2.0,2.0,8.0,Investment Management
430,0,1,17,10.0,10.0,10.0,6.0,3.0,2.0,4.0,2.0,4.0,4.0,8.0,9.0,9.0,8.0,8.0,5.0,4.0,10.0,25.0,15.0,20.0,15.0,15.0,25.0,10.0,10.0,30.0,10.0,15.0,5.0,8.0,5.0,8.0,8.0,5.0,8.0,6.0,9.0,9.0,6.0,2.0,9.0,Elementary school teacher
431,0,3,17,10.0,9.0,7.0,10.0,10.0,10.0,10.0,5.0,4.0,10.0,7.0,7.0,5.0,8.0,10.0,10.0,3.0,15.0,15.0,25.0,15.0,15.0,15.0,50.0,10.0,10.0,10.0,10.0,10.0,7.0,10.0,9.0,7.0,10.0,8.0,10.0,8.0,8.0,9.0,7.0,3.0,9.0,Public School Principal
432,0,5,17,2.0,2.0,2.0,10.0,10.0,10.0,7.0,1.0,6.0,6.0,4.0,9.0,8.0,8.0,7.0,5.0,5.0,15.0,30.0,30.0,10.0,10.0,5.0,25.0,10.0,25.0,15.0,20.0,5.0,7.0,8.0,8.0,8.0,8.0,6.0,9.0,8.0,7.0,9.0,6.0,3.0,11.0,Social Worker
433,0,7,17,3.0,3.0,8.0,8.0,8.0,8.0,8.0,1.0,6.0,7.0,5.0,7.0,8.0,5.0,5.0,5.0,3.0,20.0,20.0,20.0,20.0,10.0,10.0,35.0,10.0,10.0,35.0,5.0,5.0,8.0,6.0,8.0,7.0,5.0,8.0,6.0,8.0,6.0,7.0,6.0,3.0,15.0,Writer
434,0,9,17,4.0,2.0,9.0,6.0,3.0,3.0,3.0,2.0,7.0,2.0,6.0,2.0,2.0,4.0,7.0,8.0,4.0,30.0,15.0,15.0,30.0,0.0,10.0,40.0,10.0,10.0,25.0,0.0,15.0,7.0,7.0,6.0,8.0,4.0,8.0,7.0,7.0,8.0,4.0,4.0,2.0,11.0,Trade Specialist
435,0,11,17,5.0,5.0,6.0,9.0,8.0,8.0,3.0,2.0,9.0,9.0,1.0,8.0,7.0,9.0,9.0,10.0,10.0,25.0,5.0,20.0,25.0,15.0,10.0,50.0,1.0,4.0,25.0,10.0,10.0,7.0,9.0,9.0,9.0,9.0,7.0,9.0,10.0,10.0,10.0,7.0,2.0,1.0,Lawyer
436,0,13,17,8.0,5.0,9.0,10.0,8.0,7.0,8.0,5.0,1.0,9.0,10.0,8.0,10.0,6.0,10.0,10.0,4.0,28.0,8.0,17.0,22.0,17.0,8.0,50.0,0.0,0.0,50.0,0.0,0.0,9.0,8.0,7.0,10.0,6.0,4.0,4.0,4.0,10.0,4.0,6.0,1.0,1.0,Law
437,0,15,17,6.0,7.0,7.0,8.0,9.0,9.0,8.0,5.0,6.0,9.0,7.0,10.0,10.0,10.0,10.0,5.0,6.0,15.0,15.0,18.0,18.0,14.0,20.0,35.0,12.0,12.0,15.0,15.0,23.0,7.0,9.0,9.0,9.0,8.0,5.0,10.0,9.0,9.0,9.0,4.0,1.0,11.0,Social Work
438,0,17,17,3.0,1.0,8.0,9.0,5.0,5.0,8.0,4.0,7.0,6.0,5.0,7.0,9.0,10.0,9.0,8.0,3.0,14.0,15.0,16.0,17.0,18.0,20.0,20.0,12.0,15.0,15.0,14.0,14.0,7.0,8.0,7.0,7.0,7.0,7.0,8.0,7.0,8.0,8.0,4.0,1.0,11.0,Clinical Social Worker
439,0,19,17,8.0,4.0,8.0,9.0,8.0,9.0,6.0,1.0,7.0,9.0,6.0,4.0,9.0,9.0,9.0,6.0,6.0,20.0,10.0,50.0,5.0,10.0,5.0,60.0,0.0,10.0,10.0,10.0,10.0,8.0,8.0,7.0,7.0,7.0,7.0,6.0,7.0,7.0,5.0,3.0,2.0,9.0,Bilingual Elementary School Teacher
440,1,2,17,10.0,10.0,10.0,10.0,7.0,7.0,7.0,3.0,1.0,3.0,5.0,5.0,10.0,8.0,10.0,8.0,5.0,35.0,5.0,30.0,20.0,5.0,5.0,40.0,5.0,20.0,10.0,20.0,5.0,8.0,8.0,9.0,9.0,9.0,9.0,9.0,10.0,9.0,10.0,7.0,2.0,1.0,Lawyer
441,1,4,17,6.0,1.0,6.0,7.0,7.0,8.0,7.0,14.0,9.0,9.0,8.0,9.0,10.0,10.0,10.0,7.0,2.0,35.0,10.0,25.0,20.0,5.0,5.0,50.0,0.0,0.0,25.0,25.0,0.0,8.0,7.0,9.0,8.0,8.0,7.0,4.0,9.0,9.0,5.0,7.0,1.0,1.0,Corporate law
442,1,6,17,7.0,1.0,7.0,5.0,1.0,1.0,7.0,1.0,8.0,6.0,1.0,1.0,5.0,3.0,5.0,2.0,1.0,40.0,10.0,0.0,45.0,0.0,5.0,30.0,10.0,10.0,20.0,30.0,10.0,7.0,9.0,8.0,8.0,9.0,7.0,1.0,6.0,3.0,9.0,6.0,1.0,1.0,tax lawyer
443,1,8,17,9.0,5.0,7.0,8.0,5.0,5.0,5.0,3.0,7.0,6.0,1.0,6.0,7.0,8.0,8.0,4.0,5.0,30.0,25.0,10.0,20.0,0.0,15.0,40.0,0.0,20.0,20.0,20.0,0.0,7.0,10.0,7.0,9.0,7.0,7.0,8.0,8.0,10.0,9.0,6.0,2.0,13.0,Economic Policy Advisor on Latin America
444,1,10,17,8.0,8.0,9.0,2.0,6.0,8.0,6.0,2.0,5.0,2.0,7.0,1.0,10.0,3.0,5.0,5.0,6.0,50.0,10.0,10.0,30.0,0.0,0.0,30.0,20.0,10.0,30.0,5.0,5.0,8.0,7.0,8.0,9.0,7.0,8.0,7.0,6.0,9.0,7.0,4.0,2.0,8.0,Media Management
445,1,12,17,9.0,6.0,8.0,8.0,5.0,3.0,9.0,5.0,9.0,10.0,5.0,4.0,10.0,8.0,9.0,5.0,1.0,40.0,12.0,18.0,12.0,6.0,12.0,30.0,15.0,10.0,20.0,20.0,5.0,9.0,8.0,10.0,7.0,7.0,9.0,9.0,10.0,7.0,7.0,5.0,2.0,13.0,Energy Management
446,1,14,17,9.0,2.0,9.0,8.0,8.0,7.0,6.0,3.0,6.0,6.0,5.0,6.0,6.0,5.0,8.0,3.0,3.0,30.0,20.0,25.0,15.0,10.0,0.0,30.0,25.0,25.0,20.0,0.0,0.0,6.0,8.0,7.0,9.0,5.0,6.0,8.0,7.0,7.0,4.0,4.0,3.0,8.0,Finance
447,1,16,17,7.0,5.0,6.0,8.0,3.0,2.0,6.0,2.0,5.0,6.0,3.0,4.0,8.0,4.0,9.0,2.0,4.0,15.0,30.0,25.0,20.0,0.0,10.0,20.0,20.0,15.0,25.0,10.0,10.0,6.0,10.0,7.0,6.0,4.0,6.0,7.0,7.0,5.0,9.0,7.0,2.0,13.0,Public Finance
448,1,18,17,3.0,2.0,4.0,9.0,8.0,9.0,3.0,5.0,9.0,7.0,3.0,6.0,7.0,6.0,10.0,6.0,5.0,25.0,15.0,25.0,25.0,5.0,5.0,15.0,15.0,25.0,17.0,18.0,10.0,8.0,9.0,9.0,8.0,10.0,8.0,7.0,9.0,8.0,8.0,2.0,1.0,1.0,Business Management
449,1,20,17,8.0,2.0,6.0,8.0,7.0,5.0,5.0,3.0,1.0,9.0,7.0,6.0,9.0,2.0,6.0,4.0,1.0,55.0,2.0,1.0,40.0,1.0,1.0,25.0,1.0,13.0,44.0,11.0,6.0,7.0,10.0,10.0,10.0,8.0,7.0,9.0,9.0,10.0,8.0,3.0,1.0,1.0,Business/Law
450,1,21,17,7.0,3.0,9.0,9.0,9.0,9.0,9.0,9.0,3.0,5.0,7.0,9.0,10.0,9.0,10.0,5.0,10.0,50.0,5.0,5.0,5.0,5.0,30.0,25.0,5.0,5.0,5.0,30.0,30.0,9.0,6.0,10.0,7.0,10.0,8.0,8.0,8.0,7.0,8.0,6.0,2.0,13.0,Diplomat
451,1,22,17,3.0,3.0,2.0,4.0,4.0,3.0,3.0,4.0,3.0,6.0,7.0,5.0,7.0,7.0,8.0,6.0,6.0,20.0,40.0,5.0,20.0,5.0,10.0,20.0,40.0,10.0,10.0,10.0,10.0,2.0,4.0,4.0,4.0,4.0,2.0,4.0,4.0,4.0,4.0,3.0,3.0,8.0,banking
452,1,23,17,9.0,6.0,8.0,7.0,8.0,7.0,8.0,7.0,9.0,8.0,7.0,8.0,9.0,8.0,10.0,5.0,3.0,35.0,30.0,25.0,5.0,0.0,5.0,35.0,5.0,15.0,30.0,5.0,10.0,7.0,8.0,10.0,7.0,8.0,7.0,8.0,8.0,6.0,7.0,5.0,3.0,8.0,private equity
453,1,24,17,6.0,3.0,5.0,6.0,6.0,5.0,6.0,5.0,3.0,6.0,6.0,4.0,7.0,6.0,5.0,4.0,1.0,30.0,30.0,30.0,5.0,0.0,5.0,20.0,15.0,20.0,15.0,15.0,15.0,5.0,6.0,8.0,7.0,5.0,6.0,5.0,8.0,4.0,7.0,6.0,5.0,1.0,lawyer
454,0,1,18,5.0,8.0,5.0,9.0,9.0,9.0,7.0,1.0,4.0,9.0,4.0,9.0,9.0,8.0,8.0,4.0,9.0,10.0,20.0,20.0,20.0,10.0,20.0,30.0,20.0,10.0,20.0,10.0,10.0,8.0,9.0,9.0,9.0,7.0,8.0,9.0,9.0,9.0,7.0,7.0,3.0,15.0,Teacher
455,0,3,18,3.0,5.0,3.0,10.0,10.0,7.0,7.0,1.0,8.0,10.0,4.0,8.0,9.0,8.0,9.0,9.0,7.0,10.0,25.0,20.0,16.0,20.0,9.0,25.0,12.0,12.0,20.0,11.0,20.0,7.0,9.0,8.0,9.0,8.0,7.0,8.0,8.0,7.0,9.0,6.0,2.0,10.0,Research
456,0,5,18,1.0,1.0,8.0,8.0,7.0,7.0,6.0,2.0,8.0,8.0,4.0,7.0,7.0,6.0,6.0,8.0,8.0,25.0,20.0,15.0,10.0,15.0,15.0,30.0,15.0,10.0,15.0,10.0,20.0,8.0,8.0,7.0,6.0,7.0,7.0,3.0,5.0,5.0,8.0,6.0,1.0,8.0,Health care finance
457,0,7,18,1.0,2.0,1.0,8.0,9.0,9.0,10.0,1.0,1.0,10.0,4.0,7.0,3.0,10.0,8.0,1.0,1.0,25.0,0.0,25.0,25.0,0.0,25.0,30.0,20.0,10.0,15.0,10.0,15.0,7.0,6.0,8.0,7.0,3.0,7.0,8.0,8.0,7.0,7.0,7.0,3.0,6.0,writer
458,0,9,18,9.0,1.0,6.0,10.0,8.0,6.0,9.0,3.0,6.0,9.0,7.0,8.0,8.0,4.0,1.0,10.0,9.0,50.0,5.0,25.0,20.0,0.0,0.0,50.0,10.0,20.0,0.0,0.0,20.0,10.0,10.0,10.0,9.0,10.0,8.0,7.0,10.0,7.0,10.0,4.0,1.0,8.0,Entrepreneurship
459,0,11,18,1.0,3.0,1.0,9.0,8.0,9.0,1.0,1.0,6.0,4.0,6.0,8.0,8.0,8.0,8.0,8.0,1.0,30.0,10.0,10.0,30.0,10.0,10.0,50.0,0.0,0.0,30.0,0.0,20.0,5.0,5.0,5.0,5.0,8.0,5.0,5.0,5.0,5.0,8.0,5.0,3.0,8.0,Fixed Income Sales & Trading
460,1,2,18,9.0,7.0,10.0,10.0,10.0,10.0,8.0,1.0,7.0,9.0,10.0,6.0,9.0,10.0,10.0,1.0,5.0,20.0,10.0,20.0,15.0,15.0,20.0,15.0,20.0,15.0,10.0,20.0,15.0,8.0,8.0,9.0,7.0,7.0,7.0,9.0,8.0,8.0,6.0,4.0,2.0,7.0,Professor
461,1,4,18,9.0,8.0,9.0,9.0,7.0,7.0,9.0,8.0,6.0,2.0,2.0,7.0,6.0,6.0,6.0,4.0,4.0,40.0,20.0,20.0,10.0,10.0,0.0,50.0,10.0,15.0,15.0,10.0,0.0,6.0,8.0,8.0,9.0,7.0,6.0,6.0,6.0,6.0,6.0,7.0,4.0,5.0,"physician, informaticist"
462,1,6,18,8.0,7.0,5.0,2.0,6.0,6.0,1.0,2.0,7.0,3.0,8.0,5.0,7.0,6.0,9.0,2.0,2.0,30.0,30.0,10.0,10.0,0.0,20.0,20.0,20.0,10.0,20.0,10.0,20.0,4.0,9.0,8.0,6.0,2.0,3.0,10.0,7.0,8.0,3.0,6.0,6.0,5.0,"Professor, or Engineer"
463,1,8,18,5.0,4.0,7.0,5.0,4.0,3.0,3.0,5.0,4.0,5.0,4.0,4.0,4.0,4.0,7.0,3.0,1.0,15.0,15.0,15.0,15.0,15.0,25.0,15.0,15.0,15.0,15.0,15.0,25.0,6.0,7.0,8.0,7.0,7.0,5.0,5.0,5.0,5.0,5.0,7.0,1.0,10.0,Not sure yet
464,1,10,18,10.0,9.0,6.0,7.0,3.0,3.0,5.0,5.0,9.0,3.0,4.0,6.0,7.0,7.0,7.0,2.0,1.0,15.0,15.0,15.0,20.0,15.0,20.0,20.0,20.0,20.0,10.0,20.0,10.0,5.0,8.0,9.0,8.0,10.0,6.0,10.0,10.0,9.0,10.0,3.0,1.0,8.0,Management Consulting
465,1,12,18,4.0,8.0,1.0,3.0,8.0,8.0,4.0,1.0,4.0,9.0,2.0,1.0,3.0,10.0,10.0,1.0,1.0,20.0,20.0,20.0,20.0,20.0,0.0,50.0,10.0,10.0,10.0,10.0,10.0,7.0,10.0,7.0,8.0,5.0,7.0,10.0,8.0,9.0,1.0,7.0,3.0,7.0,playing music
466,0,1,19,4.0,2.0,9.0,8.0,5.0,6.0,4.0,3.0,2.0,8.0,5.0,5.0,7.0,6.0,8.0,4.0,2.0,10.0,20.0,20.0,15.0,20.0,15.0,45.0,5.0,15.0,15.0,10.0,10.0,7.0,9.0,8.0,7.0,8.0,7.0,9.0,8.0,7.0,7.0,7.0,1.0,18.0,unknown
467,0,3,19,8.0,4.0,9.0,9.0,9.0,9.0,8.0,5.0,8.0,9.0,8.0,9.0,9.0,9.0,9.0,9.0,9.0,20.0,20.0,20.0,20.0,20.0,0.0,60.0,5.0,15.0,10.0,5.0,5.0,8.0,8.0,8.0,8.0,8.0,8.0,8.0,8.0,7.0,8.0,2.0,1.0,8.0,"Consulting, later Arts or Non-Profit"
468,0,5,19,8.0,3.0,7.0,7.0,7.0,8.0,8.0,2.0,6.0,8.0,7.0,5.0,9.0,9.0,9.0,7.0,6.0,15.0,25.0,15.0,15.0,15.0,15.0,30.0,15.0,20.0,15.0,10.0,10.0,8.0,9.0,8.0,6.0,8.0,8.0,9.0,8.0,7.0,8.0,6.0,3.0,13.0,Professor; Human Rights Director
469,0,7,19,10.0,7.0,7.0,7.0,7.0,7.0,3.0,3.0,4.0,7.0,9.0,7.0,7.0,7.0,8.0,6.0,9.0,20.0,10.0,20.0,20.0,10.0,20.0,40.0,10.0,20.0,10.0,10.0,10.0,8.0,8.0,6.0,8.0,6.0,7.0,8.0,8.0,9.0,5.0,3.0,1.0,13.0,Work at the UN
470,0,9,19,1.0,1.0,1.0,10.0,10.0,10.0,2.0,1.0,3.0,10.0,5.0,10.0,10.0,6.0,6.0,10.0,1.0,10.0,20.0,25.0,25.0,10.0,10.0,60.0,10.0,10.0,10.0,5.0,5.0,4.0,9.0,8.0,5.0,6.0,4.0,9.0,8.0,5.0,6.0,4.0,2.0,4.0,medicine
471,0,11,19,3.0,4.0,6.0,10.0,7.0,7.0,5.0,2.0,9.0,7.0,8.0,6.0,8.0,6.0,6.0,10.0,4.0,15.0,15.0,25.0,10.0,15.0,20.0,25.0,10.0,15.0,15.0,15.0,20.0,7.0,8.0,9.0,8.0,9.0,7.0,8.0,8.0,7.0,7.0,5.0,3.0,4.0,physician
472,0,13,19,10.0,6.0,7.0,9.0,9.0,8.0,9.0,1.0,7.0,8.0,1.0,10.0,10.0,10.0,10.0,5.0,9.0,10.0,25.0,25.0,20.0,10.0,10.0,30.0,5.0,10.0,30.0,5.0,20.0,8.0,10.0,8.0,10.0,9.0,9.0,8.0,8.0,10.0,10.0,4.0,2.0,5.0,Urban Planner
473,0,15,19,7.0,5.0,5.0,8.0,8.0,8.0,8.0,6.0,6.0,9.0,8.0,8.0,9.0,9.0,9.0,7.0,7.0,15.0,20.0,20.0,15.0,15.0,15.0,20.0,20.0,15.0,15.0,15.0,15.0,7.0,9.0,10.0,8.0,7.0,8.0,9.0,9.0,8.0,8.0,6.0,4.0,10.0,Clinic Trial
474,0,17,19,10.0,2.0,10.0,10.0,7.0,7.0,9.0,2.0,9.0,8.0,1.0,4.0,3.0,7.0,10.0,6.0,9.0,15.0,20.0,10.0,30.0,5.0,20.0,50.0,10.0,10.0,10.0,10.0,10.0,9.0,9.0,8.0,10.0,7.0,9.0,9.0,9.0,9.0,9.0,6.0,5.0,10.0,scientist
475,0,19,19,1.0,1.0,6.0,10.0,6.0,5.0,2.0,0.0,5.0,4.0,4.0,9.0,8.0,3.0,5.0,6.0,9.0,10.0,15.0,30.0,10.0,15.0,20.0,40.0,5.0,10.0,15.0,10.0,20.0,5.0,8.0,7.0,5.0,7.0,6.0,9.0,7.0,7.0,7.0,6.0,2.0,13.0,International Development
476,0,21,19,4.0,1.0,7.0,9.0,5.0,5.0,4.0,1.0,7.0,3.0,3.0,3.0,3.0,3.0,7.0,6.0,3.0,20.0,20.0,20.0,15.0,15.0,10.0,50.0,5.0,5.0,30.0,5.0,5.0,7.0,9.0,7.0,5.0,6.0,7.0,5.0,7.0,7.0,8.0,5.0,2.0,13.0,International Development
477,0,23,19,9.0,6.0,7.0,8.0,6.0,8.0,8.0,4.0,7.0,7.0,4.0,7.0,8.0,7.0,7.0,6.0,4.0,16.0,19.0,16.0,17.0,15.0,17.0,25.0,20.0,15.0,20.0,10.0,10.0,6.0,8.0,7.0,7.0,7.0,6.0,7.0,7.0,6.0,8.0,4.0,2.0,5.0,Engineer
478,0,26,19,9.0,7.0,9.0,7.0,7.0,9.0,9.0,3.0,3.0,8.0,4.0,7.0,9.0,8.0,9.0,4.0,6.0,20.0,20.0,10.0,20.0,10.0,20.0,30.0,20.0,10.0,10.0,10.0,20.0,7.0,8.0,8.0,9.0,7.0,8.0,7.0,8.0,9.0,6.0,4.0,1.0,13.0,Finance/Economics
479,0,28,19,10.0,7.0,10.0,9.0,8.0,7.0,9.0,1.0,7.0,5.0,4.0,7.0,7.0,7.0,7.0,7.0,7.0,15.0,15.0,20.0,20.0,15.0,15.0,30.0,5.0,15.0,25.0,10.0,15.0,8.0,8.0,8.0,8.0,8.0,8.0,8.0,7.0,8.0,8.0,4.0,3.0,13.0,Banking
480,0,30,19,7.0,1.0,8.0,9.0,9.0,9.0,3.0,1.0,6.0,10.0,3.0,3.0,4.0,4.0,4.0,5.0,7.0,16.0,18.0,18.0,20.0,12.0,16.0,18.0,15.0,16.0,20.0,15.0,16.0,8.0,9.0,8.0,10.0,7.0,8.0,10.0,8.0,9.0,7.0,4.0,1.0,5.0,Planning
481,1,2,19,3.0,3.0,7.0,9.0,8.0,7.0,1.0,2.0,5.0,8.0,2.0,7.0,10.0,10.0,10.0,6.0,1.0,25.0,20.0,15.0,20.0,5.0,15.0,30.0,10.0,10.0,20.0,20.0,10.0,8.0,7.0,9.0,8.0,5.0,8.0,8.0,9.0,8.0,6.0,3.0,2.0,9.0,English teacher
482,1,4,19,9.0,7.0,5.0,9.0,6.0,5.0,8.0,2.0,5.0,9.0,6.0,7.0,7.0,2.0,4.0,4.0,3.0,20.0,10.0,22.0,20.0,15.0,13.0,14.0,20.0,18.0,18.0,20.0,10.0,7.0,10.0,8.0,9.0,8.0,7.0,9.0,8.0,9.0,9.0,6.0,1.0,8.0,Management Consulting
483,1,6,19,10.0,1.0,10.0,10.0,10.0,10.0,5.0,1.0,1.0,10.0,5.0,10.0,10.0,10.0,10.0,10.0,5.0,40.0,20.0,20.0,20.0,0.0,0.0,20.0,0.0,40.0,5.0,5.0,30.0,8.0,10.0,10.0,10.0,10.0,8.0,10.0,10.0,10.0,10.0,3.0,1.0,3.0,professor
484,1,8,19,7.0,3.0,5.0,9.0,9.0,9.0,9.0,3.0,7.0,9.0,1.0,9.0,9.0,9.0,9.0,2.0,7.0,16.0,16.0,20.0,16.0,16.0,16.0,25.0,10.0,25.0,15.0,5.0,20.0,4.0,8.0,9.0,2.0,9.0,2.0,9.0,9.0,2.0,5.0,6.0,4.0,18.0,professional career
485,1,10,19,6.0,10.0,9.0,7.0,7.0,7.0,4.0,6.0,6.0,9.0,8.0,8.0,8.0,7.0,8.0,7.0,4.0,20.0,15.0,20.0,15.0,15.0,15.0,15.0,20.0,15.0,15.0,20.0,15.0,8.0,8.0,8.0,7.0,7.0,7.0,8.0,8.0,7.0,7.0,6.0,2.0,3.0,writer/teacher
486,1,12,19,7.0,1.0,3.0,10.0,8.0,6.0,4.0,1.0,9.0,8.0,1.0,7.0,10.0,5.0,8.0,2.0,2.0,20.0,20.0,20.0,15.0,10.0,15.0,10.0,25.0,25.0,15.0,15.0,10.0,7.0,10.0,9.0,8.0,9.0,8.0,10.0,9.0,8.0,10.0,6.0,2.0,10.0,Medical Sciences
487,1,14,19,4.0,4.0,2.0,8.0,5.0,3.0,2.0,5.0,2.0,7.0,8.0,5.0,9.0,6.0,10.0,6.0,2.0,25.0,26.0,15.0,10.0,9.0,15.0,15.0,15.0,15.0,20.0,20.0,15.0,7.0,9.0,8.0,6.0,5.0,6.0,7.0,7.0,5.0,5.0,5.0,3.0,6.0,Professor...?
488,1,16,19,3.0,3.0,3.0,9.0,5.0,1.0,1.0,1.0,8.0,8.0,8.0,8.0,8.0,8.0,8.0,8.0,3.0,15.0,20.0,20.0,20.0,5.0,20.0,20.0,20.0,20.0,20.0,10.0,10.0,5.0,10.0,10.0,7.0,8.0,5.0,10.0,10.0,7.0,8.0,2.0,3.0,8.0,Management Consulting
489,1,18,19,7.0,7.0,7.0,9.0,9.0,9.0,6.0,9.0,9.0,6.0,6.0,9.0,9.0,9.0,7.0,6.0,5.0,20.0,10.0,20.0,20.0,20.0,0.0,20.0,20.0,20.0,20.0,20.0,0.0,6.0,8.0,9.0,8.0,10.0,7.0,8.0,9.0,7.0,10.0,2.0,1.0,8.0,Business
490,1,20,19,3.0,1.0,2.0,7.0,7.0,7.0,6.0,2.0,5.0,9.0,9.0,8.0,10.0,9.0,8.0,7.0,4.0,30.0,15.0,20.0,10.0,10.0,15.0,50.0,0.0,25.0,10.0,15.0,0.0,3.0,7.0,8.0,6.0,6.0,3.0,7.0,8.0,6.0,6.0,6.0,3.0,14.0,writer/producer
491,1,22,19,9.0,2.0,9.0,9.0,9.0,8.0,9.0,7.0,9.0,8.0,2.0,7.0,8.0,8.0,9.0,9.0,6.0,30.0,10.0,25.0,20.0,8.0,7.0,50.0,10.0,10.0,20.0,5.0,5.0,7.0,7.0,7.0,7.0,7.0,7.0,6.0,7.0,7.0,7.0,4.0,1.0,8.0,Investment Banker
492,1,24,19,10.0,10.0,10.0,10.0,10.0,10.0,10.0,2.0,4.0,10.0,7.0,5.0,5.0,2.0,5.0,10.0,10.0,30.0,0.0,30.0,30.0,10.0,0.0,0.0,30.0,30.0,0.0,30.0,10.0,10.0,10.0,10.0,10.0,10.0,10.0,10.0,10.0,10.0,10.0,4.0,2.0,10.0,acadeic
493,1,25,19,10.0,10.0,7.0,7.0,4.0,4.0,3.0,3.0,6.0,7.0,10.0,8.0,8.0,7.0,7.0,10.0,6.0,30.0,10.0,10.0,30.0,10.0,10.0,25.0,25.0,10.0,20.0,10.0,10.0,7.0,7.0,8.0,8.0,8.0,7.0,9.0,9.0,8.0,9.0,6.0,5.0,13.0,politics
494,1,27,19,8.0,10.0,4.0,10.0,10.0,10.0,1.0,1.0,4.0,8.0,6.0,9.0,10.0,7.0,8.0,9.0,10.0,25.0,25.0,25.0,25.0,0.0,0.0,45.0,2.0,5.0,8.0,20.0,20.0,9.0,10.0,10.0,10.0,7.0,10.0,10.0,9.0,10.0,9.0,3.0,3.0,6.0,film and radio
495,1,29,19,7.0,5.0,6.0,7.0,5.0,6.0,7.0,7.0,6.0,5.0,6.0,7.0,7.0,6.0,5.0,5.0,6.0,20.0,20.0,20.0,15.0,15.0,10.0,20.0,10.0,20.0,20.0,15.0,15.0,7.0,7.0,8.0,7.0,9.0,7.0,9.0,9.0,8.0,8.0,2.0,1.0,15.0,Film
496,0,1,20,8.0,1.0,8.0,7.0,7.0,7.0,8.0,1.0,1.0,7.0,3.0,3.0,3.0,5.0,5.0,5.0,5.0,20.0,30.0,20.0,20.0,10.0,0.0,30.0,10.0,20.0,30.0,0.0,10.0,5.0,8.0,9.0,6.0,8.0,3.0,8.0,9.0,6.0,9.0,5.0,2.0,5.0,researcher
497,0,3,20,7.0,5.0,1.0,8.0,7.0,6.0,7.0,3.0,1.0,7.0,8.0,6.0,9.0,9.0,8.0,8.0,7.0,10.0,20.0,20.0,20.0,20.0,10.0,30.0,10.0,10.0,20.0,10.0,20.0,8.0,10.0,9.0,10.0,8.0,8.0,9.0,10.0,8.0,10.0,7.0,1.0,10.0,biology industry
498,0,5,20,3.0,1.0,5.0,7.0,3.0,3.0,6.0,6.0,9.0,8.0,9.0,6.0,8.0,8.0,8.0,3.0,1.0,18.0,18.0,18.0,18.0,18.0,10.0,25.0,8.0,7.0,25.0,15.0,20.0,8.0,9.0,9.0,10.0,10.0,8.0,7.0,10.0,10.0,10.0,4.0,1.0,10.0,scientist
499,0,6,20,1.0,1.0,1.0,9.0,9.0,9.0,2.0,1.0,8.0,9.0,6.0,8.0,10.0,10.0,10.0,5.0,1.0,19.0,19.0,19.0,19.0,5.0,19.0,60.0,6.0,6.0,20.0,1.0,7.0,9.0,10.0,10.0,9.0,4.0,7.0,10.0,10.0,8.0,6.0,4.0,1.0,10.0,Professor
500,0,8,20,4.0,2.0,6.0,7.0,7.0,7.0,2.0,2.0,7.0,8.0,5.0,7.0,8.0,8.0,8.0,6.0,5.0,10.0,15.0,35.0,15.0,10.0,15.0,50.0,5.0,10.0,20.0,5.0,10.0,8.0,9.0,9.0,9.0,9.0,8.0,8.0,9.0,8.0,9.0,5.0,3.0,10.0,Epidemiologist
501,0,10,20,5.0,4.0,8.0,8.0,9.0,9.0,6.0,1.0,3.0,9.0,7.0,9.0,9.0,9.0,10.0,7.0,6.0,30.0,10.0,20.0,10.0,10.0,20.0,40.0,15.0,5.0,30.0,5.0,5.0,8.0,9.0,9.0,8.0,9.0,8.0,8.0,9.0,8.0,9.0,4.0,3.0,10.0,epidemiologist
502,1,2,20,8.0,8.0,9.0,6.0,5.0,5.0,10.0,9.0,8.0,7.0,8.0,6.0,9.0,5.0,8.0,3.0,4.0,40.0,20.0,20.0,20.0,0.0,0.0,20.0,20.0,20.0,10.0,10.0,20.0,7.0,7.0,9.0,9.0,9.0,7.0,8.0,8.0,9.0,9.0,3.0,2.0,5.0,Business
503,1,4,20,2.0,4.0,4.0,8.0,8.0,8.0,7.0,5.0,2.0,6.0,5.0,7.0,8.0,9.0,9.0,7.0,7.0,30.0,30.0,40.0,0.0,0.0,0.0,20.0,15.0,15.0,15.0,20.0,15.0,7.0,9.0,10.0,4.0,5.0,7.0,8.0,10.0,4.0,7.0,6.0,5.0,10.0,Scientist
504,1,7,20,1.0,1.0,2.0,4.0,4.0,4.0,8.0,1.0,3.0,6.0,1.0,5.0,6.0,7.0,7.0,3.0,1.0,30.0,0.0,30.0,15.0,15.0,10.0,30.0,10.0,10.0,20.0,20.0,10.0,7.0,5.0,8.0,6.0,8.0,7.0,5.0,8.0,6.0,6.0,5.0,2.0,5.0,consultant
505,1,9,20,10.0,6.0,10.0,5.0,10.0,10.0,9.0,7.0,1.0,10.0,10.0,10.0,10.0,10.0,10.0,10.0,10.0,20.0,14.0,18.0,16.0,16.0,16.0,18.0,16.0,16.0,18.0,16.0,16.0,9.0,10.0,10.0,8.0,10.0,8.0,8.0,9.0,7.0,9.0,4.0,1.0,6.0,Writer/Editor
506,1,11,20,6.0,4.0,6.0,7.0,7.0,7.0,8.0,2.0,4.0,9.0,2.0,5.0,5.0,5.0,5.0,2.0,1.0,15.0,15.0,20.0,15.0,15.0,20.0,20.0,20.0,10.0,20.0,10.0,20.0,5.0,8.0,9.0,7.0,10.0,5.0,8.0,10.0,6.0,10.0,7.0,2.0,2.0,Finance
507,1,12,20,10.0,9.0,10.0,9.0,9.0,8.0,7.0,4.0,5.0,8.0,5.0,7.0,6.0,6.0,8.0,3.0,2.0,20.0,20.0,20.0,20.0,20.0,0.0,30.0,10.0,10.0,30.0,10.0,10.0,7.0,8.0,8.0,7.0,7.0,6.0,10.0,9.0,7.0,6.0,7.0,3.0,2.0,Epidemiologist
508,1,13,20,10.0,4.0,7.0,6.0,4.0,4.0,4.0,9.0,7.0,10.0,3.0,5.0,4.0,7.0,10.0,4.0,8.0,18.0,10.0,18.0,18.0,18.0,18.0,15.0,20.0,20.0,20.0,15.0,10.0,7.0,8.0,9.0,8.0,8.0,7.0,7.0,10.0,7.0,8.0,5.0,1.0,2.0,unsure
509,0,1,21,6.0,3.0,6.0,7.0,7.0,7.0,3.0,3.0,4.0,6.0,4.0,4.0,8.0,5.0,7.0,7.0,7.0,10.0,20.0,30.0,10.0,10.0,20.0,50.0,10.0,10.0,10.0,10.0,10.0,5.0,6.0,8.0,4.0,9.0,5.0,6.0,8.0,3.0,9.0,4.0,2.0,6.0,journalism
510,0,3,21,8.0,1.0,4.0,10.0,8.0,7.0,10.0,5.0,7.0,9.0,1.0,3.0,9.0,7.0,5.0,1.0,7.0,25.0,25.0,25.0,12.0,3.0,10.0,35.0,10.0,10.0,25.0,5.0,15.0,7.0,9.0,8.0,6.0,4.0,7.0,8.0,10.0,4.0,6.0,7.0,2.0,8.0,Professor
511,0,5,21,6.0,5.0,5.0,7.0,8.0,10.0,10.0,3.0,9.0,8.0,5.0,8.0,9.0,9.0,10.0,7.0,8.0,20.0,10.0,10.0,30.0,15.0,15.0,60.0,5.0,10.0,10.0,5.0,10.0,8.0,4.0,8.0,10.0,8.0,7.0,2.0,7.0,9.0,7.0,7.0,3.0,5.0,Business Management and Information Technology
512,0,7,21,1.0,1.0,1.0,8.0,9.0,10.0,8.0,0.0,9.0,9.0,6.0,10.0,9.0,7.0,10.0,5.0,5.0,20.0,20.0,20.0,20.0,5.0,15.0,50.0,5.0,5.0,20.0,10.0,10.0,7.0,8.0,7.0,8.0,7.0,7.0,6.0,6.0,7.0,6.0,3.0,2.0,15.0,Actress
513,0,9,21,1.0,1.0,9.0,9.0,9.0,9.0,1.0,0.0,8.0,9.0,8.0,9.0,10.0,6.0,8.0,6.0,6.0,20.0,20.0,20.0,20.0,5.0,15.0,90.0,0.0,0.0,10.0,0.0,0.0,6.0,8.0,6.0,7.0,4.0,6.0,9.0,4.0,6.0,5.0,6.0,4.0,15.0,Actress
514,0,11,21,5.0,3.0,7.0,7.0,8.0,10.0,2.0,2.0,1.0,8.0,6.0,10.0,8.0,9.0,10.0,6.0,7.0,20.0,20.0,20.0,15.0,5.0,20.0,30.0,5.0,15.0,30.0,0.0,20.0,8.0,10.0,9.0,8.0,7.0,8.0,10.0,10.0,8.0,7.0,4.0,3.0,3.0,teacher and performer
515,0,13,21,10.0,10.0,8.0,9.0,9.0,8.0,10.0,3.0,8.0,9.0,8.0,9.0,10.0,7.0,10.0,5.0,9.0,20.0,20.0,20.0,15.0,10.0,15.0,30.0,15.0,20.0,15.0,5.0,15.0,8.0,10.0,10.0,8.0,8.0,8.0,10.0,10.0,8.0,10.0,6.0,3.0,6.0,Writer/journalist
516,0,15,21,3.0,3.0,6.0,10.0,9.0,9.0,5.0,5.0,8.0,9.0,6.0,9.0,4.0,9.0,9.0,9.0,3.0,58.0,5.0,8.0,10.0,7.0,12.0,40.0,5.0,10.0,20.0,5.0,20.0,8.0,9.0,8.0,9.0,8.0,8.0,7.0,8.0,9.0,10.0,6.0,3.0,10.0,Scientist
517,0,17,21,2.0,1.0,9.0,9.0,6.0,8.0,4.0,1.0,2.0,9.0,3.0,10.0,8.0,4.0,4.0,3.0,9.0,15.0,20.0,20.0,20.0,5.0,10.0,30.0,20.0,15.0,15.0,10.0,10.0,8.0,9.0,9.0,7.0,7.0,7.0,10.0,10.0,8.0,7.0,5.0,3.0,15.0,Acting
518,0,19,21,4.0,2.0,5.0,8.0,6.0,7.0,5.0,5.0,9.0,9.0,8.0,8.0,8.0,6.0,8.0,9.0,4.0,20.0,25.0,25.0,30.0,5.0,5.0,35.0,10.0,10.0,30.0,5.0,10.0,6.0,9.0,8.0,8.0,7.0,7.0,8.0,7.0,7.0,7.0,7.0,2.0,15.0,Actress
519,0,21,21,9.0,5.0,9.0,5.0,8.0,7.0,7.0,2.0,3.0,9.0,4.0,7.0,8.0,7.0,8.0,2.0,2.0,40.0,5.0,30.0,15.0,5.0,5.0,80.0,2.0,5.0,10.0,1.0,2.0,8.0,10.0,9.0,9.0,10.0,8.0,10.0,10.0,8.0,10.0,4.0,2.0,9.0,School Leadership/Politics
520,0,23,21,4.0,6.0,8.0,8.0,10.0,8.0,5.0,2.0,9.0,10.0,8.0,9.0,8.0,5.0,5.0,8.0,2.0,25.0,15.0,25.0,15.0,10.0,10.0,40.0,5.0,15.0,20.0,10.0,10.0,8.0,9.0,8.0,7.0,5.0,7.0,9.0,9.0,7.0,7.0,7.0,1.0,11.0,Foreign Service
521,0,25,21,7.0,7.0,8.0,8.0,8.0,8.0,10.0,7.0,5.0,8.0,6.0,7.0,8.0,8.0,8.0,6.0,6.0,10.0,30.0,20.0,15.0,15.0,10.0,20.0,15.0,20.0,20.0,15.0,10.0,7.0,9.0,8.0,9.0,8.0,7.0,9.0,9.0,9.0,9.0,3.0,1.0,11.0,Exec. Director of social service non-profit
522,0,27,21,6.0,6.0,6.0,7.0,8.0,9.0,3.0,3.0,7.0,9.0,8.0,10.0,10.0,7.0,7.0,5.0,3.0,10.0,20.0,15.0,20.0,15.0,20.0,20.0,15.0,15.0,20.0,10.0,20.0,7.0,7.0,9.0,7.0,8.0,8.0,7.0,9.0,9.0,9.0,6.0,2.0,1.0,Assistant District Attorney
523,0,29,21,8.0,1.0,5.0,9.0,4.0,3.0,6.0,7.0,8.0,13.0,5.0,2.0,7.0,8.0,9.0,3.0,1.0,10.0,25.0,20.0,20.0,5.0,20.0,10.0,25.0,20.0,20.0,5.0,20.0,6.0,9.0,9.0,8.0,6.0,6.0,8.0,8.0,6.0,6.0,4.0,3.0,9.0,??
524,0,31,21,4.0,1.0,7.0,9.0,8.0,8.0,6.0,3.0,8.0,7.0,7.0,8.0,8.0,5.0,5.0,7.0,5.0,15.0,20.0,25.0,20.0,10.0,10.0,35.0,10.0,15.0,20.0,10.0,10.0,5.0,9.0,8.0,7.0,7.0,5.0,9.0,9.0,7.0,7.0,7.0,4.0,4.0,physician/healthcare
525,0,33,21,6.0,2.0,8.0,6.0,5.0,5.0,3.0,2.0,1.0,8.0,8.0,9.0,10.0,7.0,8.0,8.0,1.0,10.0,15.0,30.0,20.0,15.0,10.0,50.0,5.0,5.0,25.0,5.0,10.0,6.0,10.0,10.0,8.0,9.0,6.0,9.0,9.0,8.0,8.0,4.0,1.0,15.0,Sex Therapist
526,0,35,21,2.0,1.0,3.0,10.0,10.0,7.0,6.0,5.0,10.0,8.0,4.0,10.0,8.0,6.0,8.0,4.0,10.0,10.0,10.0,30.0,20.0,10.0,15.0,50.0,10.0,10.0,10.0,10.0,10.0,3.0,6.0,7.0,9.0,10.0,3.0,6.0,8.0,9.0,9.0,5.0,3.0,11.0,Social Work
527,0,37,21,5.0,5.0,1.0,8.0,7.0,7.0,6.0,2.0,7.0,6.0,6.0,8.0,7.0,8.0,8.0,7.0,6.0,50.0,20.0,10.0,5.0,10.0,5.0,70.0,5.0,5.0,5.0,10.0,5.0,10.0,10.0,10.0,10.0,10.0,8.0,7.0,9.0,7.0,7.0,4.0,3.0,11.0,Social Worker
528,0,39,21,5.0,8.0,4.0,2.0,2.0,2.0,8.0,6.0,2.0,2.0,2.0,3.0,7.0,3.0,3.0,2.0,2.0,40.0,10.0,30.0,10.0,10.0,0.0,55.0,5.0,10.0,10.0,10.0,10.0,9.0,6.0,8.0,8.0,8.0,9.0,5.0,8.0,8.0,9.0,6.0,1.0,11.0,Social Worker
529,0,41,21,7.0,4.0,6.0,10.0,8.0,8.0,8.0,6.0,5.0,5.0,5.0,8.0,8.0,8.0,8.0,4.0,4.0,10.0,25.0,25.0,10.0,10.0,20.0,25.0,25.0,10.0,10.0,5.0,25.0,6.0,10.0,7.0,9.0,5.0,6.0,10.0,7.0,9.0,8.0,4.0,1.0,5.0,Engineer
530,0,43,21,7.0,10.0,5.0,6.0,3.0,8.0,6.0,7.0,6.0,3.0,5.0,8.0,10.0,9.0,10.0,6.0,3.0,20.0,20.0,10.0,15.0,5.0,30.0,40.0,10.0,10.0,10.0,10.0,20.0,3.0,9.0,9.0,9.0,7.0,3.0,9.0,9.0,6.0,6.0,7.0,3.0,5.0,dont know yet
531,1,2,21,10.0,10.0,6.0,6.0,10.0,10.0,10.0,6.0,6.0,6.0,10.0,10.0,10.0,8.0,10.0,1.0,6.0,15.0,30.0,20.0,20.0,10.0,5.0,30.0,30.0,0.0,20.0,0.0,20.0,10.0,10.0,10.0,6.0,10.0,10.0,10.0,10.0,10.0,10.0,7.0,2.0,5.0,TEACHING
532,1,4,21,7.0,8.0,6.0,8.0,6.0,4.0,4.0,8.0,6.0,9.0,7.0,6.0,8.0,6.0,7.0,5.0,2.0,25.0,20.0,20.0,20.0,5.0,10.0,20.0,20.0,20.0,20.0,10.0,10.0,7.0,9.0,8.0,7.0,8.0,7.0,9.0,7.0,8.0,6.0,2.0,2.0,5.0,ASIC Engineer
533,1,6,21,7.0,3.0,5.0,7.0,5.0,5.0,7.0,2.0,5.0,3.0,1.0,5.0,7.0,6.0,7.0,2.0,2.0,25.0,25.0,25.0,13.0,12.0,0.0,25.0,15.0,15.0,15.0,15.0,15.0,8.0,9.0,9.0,8.0,9.0,8.0,9.0,7.0,6.0,6.0,6.0,2.0,5.0,Academic/ Finance
534,1,8,21,7.0,9.0,3.0,9.0,9.0,8.0,6.0,7.0,7.0,7.0,3.0,6.0,7.0,8.0,7.0,4.0,1.0,30.0,30.0,30.0,5.0,2.0,3.0,25.0,25.0,25.0,10.0,10.0,5.0,7.0,9.0,9.0,8.0,5.0,8.0,8.0,8.0,8.0,7.0,5.0,6.0,5.0,"software engr, network engr"
535,1,10,21,4.0,3.0,4.0,7.0,7.0,6.0,2.0,8.0,8.0,8.0,6.0,6.0,9.0,8.0,9.0,5.0,6.0,23.0,14.0,19.0,16.0,10.0,18.0,20.0,15.0,15.0,20.0,20.0,10.0,6.0,7.0,7.0,6.0,5.0,6.0,7.0,8.0,6.0,6.0,5.0,3.0,10.0,Science
536,1,12,21,7.0,3.0,5.0,8.0,7.0,7.0,3.0,2.0,7.0,8.0,6.0,4.0,9.0,7.0,9.0,7.0,1.0,30.0,20.0,20.0,20.0,10.0,0.0,30.0,5.0,10.0,20.0,30.0,5.0,7.0,8.0,8.0,8.0,8.0,7.0,6.0,7.0,7.0,7.0,5.0,2.0,2.0,Finance
537,1,14,21,6.0,6.0,7.0,10.0,8.0,8.0,3.0,3.0,6.0,10.0,8.0,10.0,10.0,10.0,10.0,10.0,1.0,20.0,5.0,25.0,25.0,5.0,20.0,15.0,10.0,15.0,25.0,15.0,25.0,7.0,9.0,9.0,9.0,7.0,7.0,10.0,9.0,9.0,9.0,5.0,1.0,5.0,Law
538,1,16,21,8.0,2.0,8.0,8.0,8.0,8.0,8.0,8.0,6.0,8.0,5.0,4.0,6.0,3.0,6.0,6.0,6.0,50.0,0.0,10.0,30.0,0.0,10.0,40.0,20.0,0.0,30.0,10.0,0.0,7.0,8.0,8.0,9.0,8.0,7.0,8.0,9.0,9.0,9.0,4.0,2.0,5.0,self-made millionare
539,1,18,21,8.0,9.0,8.0,9.0,9.0,9.0,4.0,6.0,8.0,8.0,6.0,7.0,9.0,7.0,7.0,7.0,6.0,30.0,10.0,20.0,15.0,15.0,10.0,20.0,15.0,20.0,15.0,25.0,5.0,8.0,8.0,10.0,9.0,10.0,7.0,7.0,10.0,10.0,8.0,4.0,1.0,1.0,Lawyer
540,1,20,21,6.0,4.0,4.0,5.0,7.0,8.0,8.0,9.0,6.0,7.0,4.0,9.0,9.0,9.0,9.0,6.0,3.0,20.0,15.0,20.0,20.0,15.0,10.0,20.0,30.0,10.0,20.0,10.0,10.0,5.0,7.0,5.0,6.0,7.0,5.0,7.0,4.0,5.0,4.0,7.0,4.0,5.0,"Academic Work, Consultant"
541,1,22,21,10.0,10.0,7.0,8.0,3.0,5.0,4.0,3.0,8.0,3.0,10.0,5.0,10.0,10.0,9.0,9.0,3.0,40.0,30.0,0.0,20.0,0.0,10.0,10.0,25.0,25.0,20.0,10.0,10.0,8.0,9.0,9.0,9.0,8.0,9.0,10.0,10.0,10.0,8.0,7.0,3.0,5.0,Entrepreneur
542,1,24,21,4.0,7.0,6.0,10.0,9.0,8.0,1.0,8.0,8.0,9.0,8.0,8.0,9.0,9.0,8.0,9.0,6.0,25.0,15.0,20.0,20.0,10.0,10.0,30.0,20.0,10.0,20.0,5.0,15.0,8.0,9.0,8.0,8.0,9.0,8.0,9.0,7.0,8.0,7.0,5.0,3.0,5.0,To go into Finance
543,1,26,21,8.0,8.0,5.0,8.0,8.0,5.0,5.0,9.0,8.0,8.0,8.0,6.0,8.0,8.0,8.0,8.0,3.0,20.0,16.0,16.0,17.0,16.0,15.0,20.0,16.0,16.0,17.0,16.0,15.0,7.0,9.0,8.0,9.0,9.0,7.0,9.0,8.0,9.0,9.0,7.0,2.0,5.0,Research Engineer
544,1,28,21,3.0,4.0,3.0,10.0,7.0,8.0,5.0,14.0,9.0,2.0,10.0,7.0,8.0,8.0,9.0,10.0,3.0,15.0,25.0,20.0,10.0,10.0,20.0,20.0,20.0,10.0,20.0,10.0,20.0,7.0,10.0,9.0,10.0,8.0,6.0,8.0,10.0,8.0,5.0,7.0,3.0,5.0,Physician
545,1,30,21,10.0,2.0,2.0,5.0,5.0,4.0,7.0,5.0,4.0,7.0,4.0,3.0,4.0,5.0,5.0,2.0,1.0,20.0,20.0,20.0,20.0,10.0,10.0,20.0,20.0,10.0,20.0,25.0,5.0,8.0,8.0,9.0,8.0,6.0,8.0,5.0,7.0,9.0,2.0,7.0,2.0,5.0,Doctor
546,1,32,21,10.0,5.0,8.0,10.0,4.0,3.0,5.0,1.0,1.0,2.0,4.0,3.0,6.0,3.0,9.0,10.0,6.0,35.0,10.0,20.0,25.0,5.0,5.0,30.0,10.0,10.0,30.0,10.0,10.0,9.0,8.0,8.0,10.0,7.0,8.0,7.0,7.0,10.0,6.0,4.0,1.0,8.0,Consulting
547,1,34,21,9.0,6.0,9.0,7.0,8.0,8.0,2.0,2.0,8.0,9.0,4.0,9.0,8.0,9.0,9.0,6.0,5.0,25.0,20.0,20.0,20.0,0.0,15.0,25.0,20.0,10.0,25.0,15.0,5.0,7.0,9.0,8.0,8.0,8.0,7.0,9.0,9.0,9.0,7.0,3.0,1.0,8.0,Private Equity - Leveraged Buy-Outs
548,1,36,21,10.0,8.0,4.0,10.0,3.0,2.0,2.0,5.0,1.0,9.0,6.0,4.0,6.0,7.0,10.0,4.0,1.0,40.0,10.0,20.0,10.0,0.0,20.0,30.0,20.0,20.0,0.0,10.0,20.0,10.0,10.0,10.0,10.0,10.0,10.0,10.0,10.0,10.0,10.0,6.0,1.0,8.0,Management
549,1,38,21,8.0,5.0,6.0,9.0,7.0,7.0,4.0,8.0,8.0,7.0,7.0,8.0,8.0,10.0,10.0,8.0,2.0,20.0,20.0,20.0,20.0,0.0,20.0,35.0,10.0,10.0,15.0,20.0,10.0,7.0,10.0,9.0,8.0,9.0,7.0,10.0,10.0,7.0,7.0,7.0,1.0,8.0,General management/consulting
550,1,40,21,5.0,3.0,5.0,9.0,7.0,8.0,3.0,3.0,8.0,8.0,3.0,7.0,7.0,4.0,6.0,6.0,3.0,30.0,3.0,30.0,30.0,3.0,4.0,20.0,3.0,30.0,30.0,13.0,4.0,7.0,7.0,7.0,7.0,7.0,7.0,7.0,7.0,7.0,7.0,4.0,1.0,8.0,Finance
551,1,42,21,6.0,1.0,7.0,6.0,7.0,3.0,2.0,1.0,7.0,10.0,2.0,5.0,6.0,7.0,7.0,7.0,1.0,40.0,20.0,20.0,20.0,0.0,0.0,60.0,0.0,0.0,40.0,0.0,0.0,7.0,8.0,8.0,3.0,5.0,7.0,9.0,9.0,2.0,4.0,6.0,3.0,8.0,Banking
552,1,44,21,8.0,2.0,5.0,10.0,10.0,10.0,7.0,1.0,9.0,8.0,3.0,7.0,9.0,10.0,10.0,7.0,3.0,70.0,0.0,15.0,15.0,0.0,0.0,50.0,0.0,0.0,30.0,0.0,20.0,8.0,7.0,7.0,6.0,7.0,9.0,7.0,10.0,5.0,9.0,2.0,1.0,18.0,assistant master of the universe (otherwise it's too much work)
